https://github.com/JoanZapata/android-pdfview,8f239bb91ab56ff3066739dc44bccf8b1753b0ba
https://github.com/raphw/byte-buddy,951fec087052825f3f509640bf93e320b874e46c
https://github.com/confluentinc/ksql,2fbde46b28c18765db6adc777c478fadddc1190e
https://github.com/undertow-io/undertow,d0efffad5d2034bb07525cac9b299dac72c3045d
https://github.com/JakeWharton/ActionBarSherlock,2c71339e756bcc0b1424c4525680549ba3a2dc97
https://github.com/dropwizard/dropwizard,07dfaed697427e208d65049f80a5d1949833b7cd
https://github.com/Apache/Karaf,98dc648031c79b002e5eae05e61ea7cbfd0a029e
https://github.com/dropwizard/metrics,9680fc801a6302a46cce0d299a960c2796ee21cd
https://github.com/apache/httpcore,7834aa5236f7fed2bf164b0a314fd93c909a50de
https://github.com/apache/hbase,801fc05e9c082ab12c7c1207087d3667ab162d1a
https://github.com/alibaba/fastjson,57d0434ab01c55e719bb52f3ec96bf12cad0e46c
https://github.com/b3log/solo,e4989177279d3d7d3f6c67ca07088cc9c5289084
https://github.com/dyc87112/SpringBoot-Learning,33dc0e35632f446a62e8df1a3c65ba1205f7276d
https://github.com/databricks/learning-spark,6b34161e2c1351500784a0d500c664c90846cacf
https://github.com/Apache/Lucene-solr,14e6eb2c2488a5983c4449da32757d1f3bf17ce0
https://github.com/JakeWharton/RxRelay,82db28c4126f4cec6d762804c38adb1b95475b3c
https://github.com/Apache/Pig,2326aaca44ffd2b817f090bbcf0b80d3f3b796c7
https://github.com/orbit/orbit,c4904af2f3745fea93871493edd7e09348e77768
https://github.com/prontera/spring-cloud-rest-tcc,ce2d76857834fc9fc624cbf4caf363110e5eb022
https://github.com/square/javapoet,dfb5bc6c4e0c33f0d40d02c9702089da8a848d2f
https://github.com/apache/camel,a3346e1ddc891486d1a2bb27f5873edf9f0525dc
https://github.com/Graylog2/graylog2-server,7ccc1f4ea504742766b7bb01fb07e548d63c67dd
https://github.com/clojure/clojure,db94999b543effe0be04ca4ed53d8e699674cfff
https://github.com/square/retrofit,ae28c3d5f6fe54f6ca409cdf82106efb47609f8f
https://github.com/openzipkin/zipkin,b3f8ad033e5240571333156cd4842e6633955081
https://github.com/spotify/helios,aebf68dcbdf9d3850478e8bddd2c478fa5fa282a
https://github.com/pedrovgs/Algorithms,9ae21a5c070c9a97e05ef56b2d1f6d764b609f9e
https://github.com/Activiti/Activiti,b11f757a48600e53aaf3fcb7a3ba1ece6c463cb4
https://github.com/apache/jackrabbit-oak,11985b3fbbd4f7f39dfaf368b01b5e0c67a32f0d
https://github.com/flyway/flyway,a9c37c25aaa0358c9a4d5168e4a42aa6630a75a7
https://github.com/chanjarster/weixin-java-tools,2a0b1c30c0f60c2de466cb8933c945bc0d391edf
https://github.com/Trinea/android-common,43ebcee553a970922afd0d822959f99dba84b8f4
https://github.com/OryxProject/oryx,72ae4bb3cc49d92b77e76d8a30fca8b6549b8865
https://github.com/knowm/XChange,ae0e96efdb3384742674bde1faf8dc977b4db3d7
https://github.com/cglib/cglib,400d16c3de3e21f2675ca07fa5b6ce25bbb4d459
https://github.com/linkedin/pinot,b184998736d6cd2ce26f198560f09be614749b6b
https://github.com/Apache/Qpid,e9cc3624697419186f39e5fab29f474f27a1d5a6
https://github.com/mybatis/spring-boot-starter,8f7336ff9e5ebd9aa73bc741d6b8380b406139c5
https://github.com/CrawlScript/WebCollector,016b61a1f6e52cf2ffb048a2abcc01d767beb0ab
https://github.com/weibocom/motan,092aabca33108cbe6970776dd506b44681ae8e32
https://github.com/jhalterman/failsafe,e3c37eb0482f6bff5eaaf223d7347be475ddf402
https://github.com/Netflix/curator,7fa8c085f45977be1db980731f4faf580925db08
https://github.com/qos-ch/logback,4dd08e68321548cd85251ec389f5a832505e1268
https://github.com/Apache/Hive,f0434c5b5c591c7c1af0840c4dd3b08e53614869
https://github.com/libgdx/libgdx,8c705fcb39ec55dc14b0308379344a2181dd6adc
https://github.com/jfeinstein10/SlidingMenu,4254feca3ece9397cd501921ee733f19ea0fdad8
https://github.com/alibaba/arthas,5a775f99325b9e4daa3bfed4a91f2af3f7bb1442
https://github.com/hazelcast/hazelcast,788b9e237ceac8ccc1369fbe7bb8ca590c6917ba
https://github.com/elasticjob/elastic-job-lite,b022898ef1b8c984e17efb2a422ee45f6b13e46e
https://github.com/medcl/elasticsearch-analysis-ik,83fa2ff8b234984bca63397148feffa0bedd439c
https://github.com/zhangkaitao/es,0c6b3cbb8ef26f29b32d164efb0d9d97dd7e497f
https://github.com/chewiebug/GCViewer,c75a91b8a7d2fa6c97083ebb8f505539e45e40f3
https://github.com/scribejava/scribejava,0df58e1ad282c1d54c048f75cea23013e87f9d6e
https://github.com/TooTallNate/Java-WebSocket,fa3909c391195178ccf5a92d4ac342a30ae247c8
https://github.com/mybatis/mybatis-3,67a1c4ea5726c605d297398a8ab9a42ab7d4ebf1
https://github.com/roboguice/roboguice,d96250c41149e13a159d26a532365c3f7034c07e
https://github.com/Apache/Cassandra,a9138c5e9cfabd4059848c7e611520ca2239edd2
https://github.com/apache/incubator-dubbo,737f7a7ea67832d7f17517326fb2491d0a086dd7
https://github.com/AsyncHttpClient/async-http-client,365c1e6a582499f8aaec30d56a398e694033e999
https://github.com/yasserg/crawler4j,7f21f9134057b90672cc2c3bd9101b374dce2a97
https://github.com/Apache/Wicket,b21ec2d4b57a1533b92b6c433a728682c90bc9de
https://github.com/jenkinsci/jenkins,008c4350849bd323f0b4adde03dbe7b5b58ed1e8
https://github.com/alibaba/Sentinel,9e268680860567adb397484dff576737da837ee1
https://github.com/spring-projects/spring-petclinic,60105d5d9a8b64d29927b98cd06d6d811fd4bb52
https://github.com/square/keywhiz,bdaa147a069e09c6dab988fc7fbcad8d7151c621
https://github.com/apache/oozie,4145a9dc8a838dc02449693e06b3d49475fc12d0
https://github.com/lihengming/spring-boot-api-project-seed,0980dd90d0fc4205fcdadc939d47aa46bfa93fcd
https://github.com/bytedeco/javacv,0eb0f51b49641bd3c29d6c2bdaa0788b13d17396
https://github.com/Bukkit/Bukkit,f210234e59275330f83b994e199c76f6abd41ee7
https://github.com/ctripcorp/apollo,0d32276855a0121324e6ab6219311ddcf6b0526a
https://github.com/google/guice,ba4314795d7a6fa0c8206fc8b73ea3170df33637
https://github.com/checkstyle/checkstyle,d25ebd059378a986d782b2152bd4e88cb39d24df
https://github.com/fyhertz/libstreaming,e71b49c22fc19f41b60b8fef6a3e140a26b9aa82
https://github.com/JakeWharton/ViewPagerIndicator,8cd549f23f3d20ff920e19a2345c54983f65e26b
https://github.com/looly/hutool,91565d052d2771dd26547e79c619ee8c31497e8f
https://github.com/spring-projects/spring-mvc-showcase,b9e18ad9e508409324b8afa9d359cfe05cd8442e
https://github.com/chrisbanes/Android-PullToRefresh,3bd8ef6869c3297bfe874d2f15c2ee53c3456e99
https://github.com/wro4j/wro4j,185ab607f1d649ca38b4a772831ee754cd4649fb
https://github.com/NanoHttpd/nanohttpd,fd80618e93d17f8f05e11006eaa048a22213714d
https://github.com/luontola/retrolambda,1f26f13c98cd57ecc56a5f8afa4c56e7b98bfa18
https://github.com/alipay/sofa-jarslink,1b63e23c90e29a045ce7355a1e296073615231f9
https://github.com/iluwatar/java-design-patterns,7a7e891384740f8bab597b2b6eed4632528956d9
https://github.com/guoguibing/librec,38c3d3325a9dc5e3e71a3c0d60e4db9d4ea8c814
https://github.com/google/guava,8dbe749b9e78a0caa4da949048c82dc50eb8da8d
https://github.com/querydsl/querydsl,2bf234caf78549813a1e0f44d9c30ecc5ef734e3
https://github.com/spring-projects/spring-data-examples,c44d0fc911790bea174457326618731ef5d11e4c
https://github.com/jhy/jsoup,220b77140bce70dcf9c767f8f04758b09097db14
https://github.com/brianfrankcooper/YCSB,d1a8a6949c0ab7940bce279b7119fd17bc06ffbc
https://github.com/thinkaurelius/titan,ee226e52415b8bf43b700afac75fa5b9767993a5
https://github.com/google/gson,9d44cbc19a73b45971c4ecb33c8d34d673afa210
https://github.com/Apache/Derby,56e7418b9921c5439457462d1c19a531f002e48d
https://github.com/crossoverJie/SSM,774728b849c0242ef9a08651b2d8d677036012c9
https://github.com/rest-assured/rest-assured,bbb40a08d4b659a841a61c28619cf6063c536cc5
https://github.com/spring-cloud/spring-cloud-netflix,ace1ef7ebec4f005335415b9548246690bda17bb
https://github.com/NLPchina/elasticsearch-sql,5d370f15606da940473166c625b85ead391fc8b2
https://github.com/eclipse-vertx/vert.x,aaf9383a3cd3e3f7ca935f6a96969332f3939518
https://github.com/nhaarman/ListViewAnimations,23617960178fb5af3099c07996569cc305a40945
https://github.com/ronmamo/reflections,94f9d5a3de9b1e268280fe974a60147f575929d7
https://github.com/openhab/openhab1-addons,1b743a6de56adab2805eaee80a21740708f21fbd
https://github.com/xetorthio/jedis,d1fb17ce3021f8bac135aef3fd306d62c877c13c
https://github.com/apache/ignite,ba861837ff6cde13066d904742edb52bd9d641f0
https://github.com/naver/pinpoint,2a37d1a7355ce7be5b17921dae5329be913d3d62
https://github.com/apache/commons-exec,2da60ab3eefaaa2f8a434ded1eebe1ce17efd34a
https://github.com/JodaOrg/joda-time,d1ea2a53929d7d56d4f4560852e5586517a0dd47
https://github.com/Atmosphere/atmosphere,9ac1f9f373ed2c59e179f1623e316599814a4eff
https://github.com/wumpz/jhotdraw,ce37253635cf47c00ea9d2f68d523e3e87a23dbd
https://github.com/zxing/zxing,c13216ce08889bdec3a158aa3161db77dda5ad54
https://github.com/google/google-java-format,4fa9d4967170109b1f8b238c12bb42ee9d26ba88
https://github.com/changmingxie/tcc-transaction,a997a140d3ca0afac47a617be5a3995acbfc2436
https://github.com/Prototik/HoloEverywhere,b870abb5ab009a5a6dbab3fb855ec2854e35e125
https://github.com/ltsopensource/light-task-scheduler,64d3aa000ff5022be5e94f511b58f405e5f4c8eb
https://github.com/google/closure-compiler,01197b23b19e65bae32494d6635d9d5ab148874c
https://github.com/twitter/distributedlog,8e619cd735093e45eef741e5be3c36dbc0598eba
https://github.com/immutables/immutables,e1481c2c993aca0f0b00b309236157cd7bd61854
https://github.com/jwtk/jjwt,57ff5139f5149b4ad443356570f97a68f01dbfd9
https://github.com/abel533/MyBatis-Spring-Boot,e099ad1ca82b287652da033d58ac52c1bb3c2cd3
https://github.com/orientechnologies/orientdb,9d5950a6a0ae0018af44d707ab1b96927c1d23fe
https://github.com/mrniko/netty-socketio,55e7802dfb24a91bd6785f3e600c0290fce5e4f8
https://github.com/pardom-zz/ActiveAndroid,08c6335cd7324c6e72da536b0c6fffa5a798f6a2
https://github.com/quartz-scheduler/quartz,9f9e400733f51f7cb658e3319fc2c140ab8af938
https://github.com/JakeWharton/NineOldAndroids,d582f0ec8e79013e9fa96c07986160b52e662e63
https://github.com/junit-team/junit4,78029cd90a5a7be76fc54aa725be94f87f35927e
https://github.com/google/binnavi,921d91ed3c6dbc02e356d8f8b71cb52f150d3a92
https://github.com/Apache/Ant,2a359a6d3d13c572b4bac8e8c2fc21ad5001e32c
https://github.com/apache/pulsar,96c10dc5d2d55bb9132f25b465e9062855e42285
https://github.com/JakeWharton/DiskLruCache,3e016356cfc7e5f9644a7a732fe0223e9742e024
https://github.com/hector-client/hector,a302e68ca8d91b45d332e8c9afd7d98030b54de1
https://github.com/Angel-ML/angel,529fbcb4bf3e4ed06fd1b82861e1bbb8edb659b5
https://github.com/crossoverJie/JCSprout,f499afc004ab1ca66bd22285cf4878f0e8c003cb
https://github.com/OpenFeign/feign,02d97371fe3a84bfd3222e18b94d791c5841170e
https://github.com/apache/flink,3ef68bc5442f0476e91a062506e50cfb8225cb6b
https://github.com/elastic/elasticsearch,4dacfa95d2a2e88cec7e9d9d80af5a39542397a8
https://github.com/square/moshi,2cb81857acea79724122bad621c5e43d5c2a3282
https://github.com/apache/ambari,d4b97b0831fc59cd95cada70277628520a904d4d
https://github.com/square/dagger,572cdd2fe97fc3c148fb3d8e1b2ce7beb4dcbcde
https://github.com/MyCATApache/Mycat-Server,d3012dc13062a8c69cc3737747fba09911926c39
https://github.com/knightliao/disconf,2ac5c8275ad8cdc101522ad01a8ba87e53b73b68
https://github.com/stephanenicolas/robospice,8bffde88b3534a961a13cab72a8f07a755f0a0fe
https://github.com/ffay/lanproxy,945d2f821cfdb048f21a9fac4ba16f7f4baa2d23
https://github.com/oracle/opengrok,fd2e8feba888a0b3c6938be7544aca3502695940
https://github.com/alibaba/jstorm,5d6cde22dbca7df3d6e6830bf94f98a6639ab559
https://github.com/jfree/jfreechart,520a4be69ba932061ab9b89f328842caf152e1d9
https://github.com/togglz/togglz,01f4e65d3dadae19932c22d3436677bc90a32539
https://github.com/johncarl81/parceler,f7312d61041ff6dca9f7a7db28eddcaa55d69994
https://github.com/google/error-prone,20bf092117ec70e14dfdd125d49f36c5a3f5bc0c
https://github.com/alibaba/otter,dce24714ee61246b60574c81ec7dd8d27e56c52d
https://github.com/liaohuqiu/android-Ultra-Pull-To-Refresh,46fdc861243a3d90dca1f5d31f3c82559ee9e4fa
https://github.com/b3log/symphony,085dfa8d98d7ccbfde7d3ae6ae40bda5b91de3f0
https://github.com/lets-blade/blade,88e6e5f75ed162d660237d4d4cec09d464347b48
https://github.com/square/otto,2a67589abd91879cf23a8c96542b59349485ec3d
https://github.com/brianway/java-learning,3fea6298d1e28ab0289284e00cbff021c160f225
https://github.com/Apache/ant-Ivy,b3f7c8596957c87934f7d90e5e5cb94877df7d1a
https://github.com/ninjaframework/ninja,c43fe99e97a64e63b7c860e572bb172f24ff56c1
https://github.com/google/jimfs,ced6093fe69a31e37ba8bbf63858b50c7164f4a4
https://github.com/addthis/stream-lib,6e0edb5f6ab37e3f4b5f9fa7344d56d7d0f16931
https://github.com/nutzam/nutz,e809240f00132c8797525b2f82b0cd9e69627b2c
https://github.com/Apache/Struts,13d9053050c9e4fb2ef049db6a37d3f6eebf48fa
https://github.com/bauerca/drag-sort-listview,c3cfccee21676149dfdf8e803c0ec2eaebc6b841
https://github.com/sohutv/cachecloud,12123e718dd18373d08cecaca961648927deefbd
https://github.com/joel-costigliola/assertj-core,978d942c51d616cbd47472c7970cab8d07664eac
https://github.com/FasterXML/jackson-databind,3b5f1e5d375c76957324a80cdc53bdaa6acb96b4
https://github.com/wildfly/wildfly,b19048b72669fc0e96665b1b125dc1fda21f5993
https://github.com/google/auto,1339e4038c23b8d667316ac4f179a8dac35685e4
https://github.com/netty/netty,59973e93dd7da715eee709788573e3515cc50238
https://github.com/Alluxio/alluxio,92a48d08e25b0ffc5c5642f498ebf57f961c35ec
https://github.com/jknack/handlebars.java,3b702a4a8ffeb07e52867fdf1ab69c9c414ae973
https://github.com/jOOQ/jOOQ,a6b438ac34726834af06767046967c74dd36e1a8
https://github.com/bytedeco/javacpp,cc6bbc801aa1de1b3010a92e0b9a38de13fd9834
https://github.com/doanduyhai/Achilles,e3099bdce342910951c4862c78751fd81ed4552e
https://github.com/spring-projects/spring-boot,daa3d457b71896a758995c264977bdd1414ee4d4
https://github.com/Apache/Nutch,61d7e8ce440aa544ce23e98a6fc6f811c482c5a0
https://github.com/kevin-wayne/algs4,880a5567464fa9312592d2ea815ea9146692d28f
https://github.com/code4craft/webmagic,be892b80bf6682cd063d30ac25a79be0c079a901
https://github.com/skavanagh/KeyBox,7dc05ad6ecb73b42e61a59c406b1d320182c99a5
https://github.com/alipay/sofa-boot,ce6e59861043506a40c3699a7209248761ec4b7c
https://github.com/oldmanpushcart/greys-anatomy,e80c55264520c4d2139e8ae6fc2866b447b6d077
https://github.com/bonnyfone/vectalign,3393c5ee3440a48d5e7cec04bb6e2f0da532ba51
https://github.com/kevinsawicki/http-request,2d62a3e9da726942a93cf16b6e91c0187e6c0136
https://github.com/mpusher/mpush,f8d5c97f30b2bde12f1b60d11709ae1b75587a2e
https://github.com/square/okhttp,ceb42f132220c71c7ad9a2948b24ee4f9e7df8e0
https://github.com/apache/hadoop,cc2babc1f75c93bf89a8f10da525f944c15d02ea
https://github.com/kbastani/spring-cloud-microservice-example,5e8dfa121c0613ebe6e18aa7e26ca1fd0421de21
https://github.com/hibernate/hibernate-orm,6f5b1e554386662e02d4ef3b91c23863258ff481
https://github.com/rawls238/Scientist4J,7416f85f04de6e3d9611eefd48a3296aae920ab6,rawls238.Scientist4J,226
https://github.com/gbif/ipt,d4fcb2e6671a678637757365820ad6df98e8799e,gbif.ipt,53
https://github.com/consulo/consulo-csharp,686352faf529cdc3c5cd58dad73a5b27847d449d,consulo.consulo-csharp,47
https://github.com/jenkinsci/workflow-cps-plugin,99e53df804f049521219cb48045ddd861c1682de,jenkinsci.workflow-cps-plugin,66
https://github.com/vert-x3/vertx-rabbitmq-client,7305bcd5173cd32a0d2b382a69bdb7027851bd10,vert-x3.vertx-rabbitmq-client,46
https://github.com/haoxiaoyong1014/springboot-examples,305677e2d3a88963c9e9fd3e4962b54fccfb308c,haoxiaoyong1014.springboot-examples,33
https://github.com/spring-projects/spring-retry,c5a28f4fa468c2d6c573a6bbaeddd9417c9d8be3,spring-projects.spring-retry,866
https://github.com/xuxueli/xxl-code-generator,3bbfd3f0a2a36946c373a74f3c26da1a8f1dbb62,xuxueli.xxl-code-generator,112
https://github.com/lujiang-wed/wed-job,83d74a2c5e17ef8c00470b326856de80afd188e5,lujiang-wed.wed-job,67
https://github.com/mklemm/jaxb2-rich-contract-plugin,40207d4637900a704982f5d96f5891c795a4fbbd,mklemm.jaxb2-rich-contract-plugin,43
https://github.com/heervisscher/htl-examples,48be8e1a34518e43a46d65302b0c4819d8f8d931,heervisscher.htl-examples,56
https://github.com/jhipster/jhipster-registry,00db36611da5fc7aaf9d5372aa90f2465d80c0c4,jhipster.jhipster-registry,431
https://github.com/paritytrading/philadelphia,116d3046256cb3a9aa023c1b5faef487095b01a3,paritytrading.philadelphia,119
https://github.com/javaee/jsonp,37876d2011f8559dd6af4a7b4294a52f15cb6d29,javaee.jsonp,60
https://github.com/zhangyd-c/springboot-learning,eefbcd907c4411a8bb6aadd9916f41945be0edc7,zhangyd-c.springboot-learning,526
https://github.com/anshooarora/extentreports-java,af5af7fbe1f605beaf42fbe21b26c50d11488244,anshooarora.extentreports-java,503
https://github.com/fly-studio/mysql-es,a44c46afff7bec077db3b439657b412469d27161,fly-studio.mysql-es,38
https://github.com/elennick/retry4j,4765c37c9c2964c257dea2a6b55a5a0c9e68e84a,elennick.retry4j,128
https://github.com/reconquest/atlassian-external-hooks,f2a1bbcf10fb77e069dd33e3bdfbf7f466a47c14,reconquest.atlassian-external-hooks,32
https://github.com/square/osstrich,71b46ca41fd919bbe99b53974715de23cfd270f9,square.osstrich,78
https://github.com/SonarQubeCommunity/sonar-l10n-zh,95c67bc0d4a89b0c74587d297a23fee36e660f71,SonarQubeCommunity.sonar-l10n-zh,254
https://github.com/xmlet/HtmlFlow,5318be5765b0850496645d7c11bdf2848c094b17,xmlet.HtmlFlow,36
https://github.com/dnsjava/dnsjava,d97b6a0685d59143372bb392ab591dd8dd840b61,dnsjava.dnsjava,116
https://github.com/keets2012/Lottor,d68b88c9dfc6808ec4b4ff67377c1242dc44bffa,keets2012.Lottor,81
https://github.com/Galigator/openllet,33c63630c6a90607ff83af144903a2375b6f8bac,Galigator.openllet,38
https://github.com/Merck/Halyard,0ab64407b2f60569e1d283b8bed10619e31dbcef,Merck.Halyard,63
https://github.com/feroult/yawp,b3bcf9c958d51b3b3f8fdd0ccc26923d5a531da1,feroult.yawp,126
https://github.com/vackosar/gitflow-incremental-builder,5cd6d6dd449c8af1ac6395261b11ccea9ec9722b,vackosar.gitflow-incremental-builder,42
https://github.com/membrane/service-proxy,ac4a1e9c44b6e8ba598400d8fa80b4a1768c9dcd,membrane.service-proxy,262
https://github.com/salesforce-marketingcloud/FuelSDK-Java,e76eaa68f82e2e522c2473a3daa79e5320383c1f,salesforce-marketingcloud.FuelSDK-Java,43
https://github.com/jenkinsci/cucumber-reports-plugin,d9f6edf62ae504f56b72caa2cc4e067dd264742b,jenkinsci.cucumber-reports-plugin,116
https://github.com/tbsalling/aismessages,7b0c4c708b6bb9a6da3d5737bcad1857ade8a931,tbsalling.aismessages,58
https://github.com/code4everything/efo,6b51b80b9173ab8c0869d19259280e01bb573389,code4everything.efo,63
https://github.com/dadoonet/fscrawler,95c6e1dd66d2fac93bf26ad12d47e007dc370872,dadoonet.fscrawler,528
https://github.com/Sayi/swagger-diff,bda37e66d49318397eb4288db82b7d2c2c7683ec,Sayi.swagger-diff,52
https://github.com/Microsoft/Git-Credential-Manager-for-Mac-and-Linux,f332b8068cbbc0ef8e5d6956db44394f9e48be84,Microsoft.Git-Credential-Manager-for-Mac-and-Linux,192
https://github.com/logzio/sawmill,e493c2e279b8820c0fdc2c79ab760d6759eb5a4a,logzio.sawmill,45
https://github.com/yandex-qatools/htmlelements,69fb585cf8174bece13e7849a428f8266346d114,yandex-qatools.htmlelements,230
https://github.com/ntmcminn/alfresco-pdf-toolkit,10a7e58625d6e944ad9cff4df0aa3b2f8c2bbe43,ntmcminn.alfresco-pdf-toolkit,51
https://github.com/opencog/relex,e8e3ef40b8bafb8dbadd477a477c5f4801c45371,opencog.relex,69
https://github.com/Cognifide/AEM-Rules-for-SonarQube,770cbee0753ad91d5999b7318f688008f0c19877,Cognifide.AEM-Rules-for-SonarQube,40
https://github.com/aventrix/jnanoid,ad74ceb6f7626de0e56907d29a897c9909b2a37a,aventrix.jnanoid,55
https://github.com/visallo/vertexium,f1fd59e23610312cf0ec6756ea01baaf56cdb74e,visallo.vertexium,39
https://github.com/intuit/benten,41f7faef86f0fa679bd16415fb85c2d3d40e44e2,intuit.benten,46
https://github.com/nielsutrecht/spring-async,7aeb2522fb826217bf7270439a0a70bd8922e148,nielsutrecht.spring-async,32
https://github.com/phax/as2-lib,a5b4ba5d5b110e649770609e803338763bec8c39,phax.as2-lib,35
https://github.com/jenkinsci/maven-plugin,f06a8bdaa46cbb469156fd239412f41c9bf89da2,jenkinsci.maven-plugin,37
https://github.com/wmixvideo/nfe,4f1f0876f92d3b43085741f804033ac47a12fd65,wmixvideo.nfe,367
https://github.com/spring-projects/spring-data-envers,5637994be37747e82b2d6d5b34555e2bee791fe6,spring-projects.spring-data-envers,163
https://github.com/Ekryd/sortpom,27056420803ed04001e4149b04a719fbac774c5d,Ekryd.sortpom,125
https://github.com/duydo/elasticsearch-analysis-vietnamese,04a53849786e3b6c22da0feab54e1dd2b9ebac6e,duydo.elasticsearch-analysis-vietnamese,189
https://github.com/tools4j/unix4j,367da7d262e682a08577cdf19ebbbdd8a46870fe,tools4j.unix4j,136
https://github.com/wwhai/EasyLinker,a26ba649a0d90d7cc853288c5547b8c87f7f69ec,wwhai.EasyLinker,39
https://github.com/PyvesB/AdvancedAchievements,0c195ca4e5cbdb8053a40fffbe74c22cd2dc2511,PyvesB.AdvancedAchievements,99
https://github.com/Quicksign/kafka-encryption,5b64de4ed90160edddc4bb514b2e653f1f6c4f56,Quicksign.kafka-encryption,30
https://github.com/vladimir-bukhtoyarov/bucket4j,1a2164e4b4f3111f3aea52747d028a7e184f4081,vladimir-bukhtoyarov.bucket4j,451
https://github.com/highsource/maven-jaxb2-plugin,47280ddafbdb804cf28811cfe2f55a7e9c0c0f1b,highsource.maven-jaxb2-plugin,207
https://github.com/HabitatMap/AirCastingAndroidClient,620f50430c2c6b10fa8e8ace0bd5da2dc9a669b5,HabitatMap.AirCastingAndroidClient,32
https://github.com/learnk8s/spring-boot-k8s-hpa,512fdd0a67453129224299802d8225f7c0e995fb,learnk8s.spring-boot-k8s-hpa,104
https://github.com/handosme/mybatis-generator-plus,412f5bda7a833996a9d87057057fa8457ade26ff,handosme.mybatis-generator-plus,43
https://github.com/playframework/netty-reactive-streams,8c5dc2890b7db2c86f6540f36b4699a27b781c69,playframework.netty-reactive-streams,90
https://github.com/jboss-modules/jboss-modules,2bc041ef5d37ac7d19052073c0a8bcb332e3473b,jboss-modules.jboss-modules,188
https://github.com/MobiVM/robovm,52c5d6bb029d54db126193a083aaa6fef9b9e8bb,MobiVM.robovm,407
https://github.com/OpenHFT/Java-Thread-Affinity,5b3a614a608fd8b5021bce294d8883557edf5af0,OpenHFT.Java-Thread-Affinity,680
https://github.com/cache2k/cache2k,3e7acac1dca93313962f101c7c0a9703cd9df46c,cache2k.cache2k,298
https://github.com/vbauer/herald,2aae2a0d91ac771bab68d4e125108c1ce6e60ddf,vbauer.herald,64
https://github.com/Steveice10/MCProtocolLib,b4f5315b4737f308d3fb9c95c51079787522e5f5,Steveice10.MCProtocolLib,231
https://github.com/balamaci/rxjava-walkthrough,9b20f60849b02702ad5a9652473e3c533eebbb28,balamaci.rxjava-walkthrough,159
https://github.com/fergarrui/ethereum-graph-debugger,dd04d413b69f45843286836326fb816a6c637648,fergarrui.ethereum-graph-debugger,101
https://github.com/itfsw/mybatis-generator-plugin,88c4b6c2b43e31e864958ee30cad8c0e1b1c09f5,itfsw.mybatis-generator-plugin,383
https://github.com/watchdog-framework/watchdog-framework,b9da08fda834223440889e9924079d753a1b0b84,watchdog-framework.watchdog-framework,152
https://github.com/opentelecoms-org/jsmpp,acc15e73e7431deabc803731971b15323315baaf,opentelecoms-org.jsmpp,91
https://github.com/talsma-ict/umldoclet,d6bb6ac108b33a2631fd7786caa45a9a1a329d59,talsma-ict.umldoclet,48
https://github.com/jzyong/mmo-server,4811729cb464b64a26dbbf777c69276c7ac711eb,jzyong.mmo-server,31
https://github.com/davidmoten/rxjava2-extras,d0315b6ecb0d24437ec0d440b6d768e89247d56c,davidmoten.rxjava2-extras,123
https://github.com/jenkinsci/ssh-slaves-plugin,226ba24c9d8d5032e3a245e15f714fbe49f5da89,jenkinsci.ssh-slaves-plugin,36
https://github.com/Nurtak/ObjectGraphVisualization,4c96efd0847cee2827a5445ae31bab9594978e6a,Nurtak.ObjectGraphVisualization,59
https://github.com/joshlong/bootiful-reactive-microservices,1c93f0a44f8648571ae1b111d3ff13d39b8eac0b,joshlong.bootiful-reactive-microservices,120
https://github.com/contentful/contentful.java,de938fd4c6987511b1edf6c076507a7ce972d063,contentful.contentful.java,44
https://github.com/ChargeTimeEU/Java-OCA-OCPP,0f3e7600ccb07bdab4163cbfc8a5f175b05a32ef,ChargeTimeEU.Java-OCA-OCPP,49
https://github.com/Angular2Guy/Angular2AndJavaEE,3d4a5190c7d247fc8bae86405698f8285598211a,Angular2Guy.Angular2AndJavaEE,71
https://github.com/jsr107/RI,119358ebe91e69dc5d8cf040696bdf0f098d6e56,jsr107.RI,82
https://github.com/aeshell/aesh,8e96010e76e5eb91428b7de0763a362e26210640,aeshell.aesh,69
https://github.com/ottogroup/flink-spector,dbf9503ea4c7423c4b0d929005482c17b9a2f4f8,ottogroup.flink-spector,121
https://github.com/ehcache/sizeof,481bf8f991caa62771d4e04c864cdcc775cf41e0,ehcache.sizeof,48
https://github.com/vert-x3/vertx-hazelcast,c053e68db3e950bfffb524b29fe26bd9baa9098b,vert-x3.vertx-hazelcast,43
https://github.com/vbauer/caesar,bc5f07c0d3fd5e40167ab72b36206b218555f734,vbauer.caesar,112
https://github.com/pholser/junit-quickcheck,9361b6dae25b193782604d071754eb7fc566390a,pholser.junit-quickcheck,618
https://github.com/chaokunyang/jkes,1bc3bd0cbb49f5bf0485c1ca55fcf19e9aa7f059,chaokunyang.jkes,149
https://github.com/EliMirren/VX-API-Gateway,987146b67deb4a09f0286fab8a011165ca2f41a1,EliMirren.VX-API-Gateway,142
https://github.com/spring-projects/spring-ws,e8d89c9eb0929dda304174729c9c69fb29f448eb,spring-projects.spring-ws,175
https://github.com/tomitribe/crest,c8d37d15e937c235df3dfaa33fbac15ee5a367a7,tomitribe.crest,33
https://github.com/hazelcast/spring-data-hazelcast,818d7c019cfe09a4647e51466cf6477c56dbad53,hazelcast.spring-data-hazelcast,39
https://github.com/authorjapps/zerocode,fd0d07215fb5d2040359d8b322c12418453899a6,authorjapps.zerocode,95
https://github.com/eclipse/egit-github,bd7d72206b1e62f73420b0f809a7a4116a9bcc9b,eclipse.egit-github,606
https://github.com/NetsOSS/headless-burp,4ae33dfcc5ecf00832ad4c1d0bb4305d1199d3a2,NetsOSS.headless-burp,88
https://github.com/GoogleCloudPlatform/DataflowTemplates,2296750e6f379f6fd97806d3e195967dfaf0767d,GoogleCloudPlatform.DataflowTemplates,128
https://github.com/lordofthejars/nosql-unit,0c6bab54889bc1eca16b24507951df0c69650d9c,lordofthejars.nosql-unit,349
https://github.com/twilio/twilio-java,7d9c17687b05498282b529609732d2fad5515401,twilio.twilio-java,310
https://github.com/lcw2004/one,7b9b249ab1c09f39be885f95a27a756288be4548,lcw2004.one,351
https://github.com/freedomotic/freedomotic,74e8b7efb0e19d6a96be2583aaada5860d1ca681,freedomotic.freedomotic,269
https://github.com/ICT-BDA/EasyML,093477e0f854cbb7a8ed08ba75795adfc621c01b,ICT-BDA.EasyML,1757
https://github.com/kongzhidea/netty4-rpc,60a15b97f9cc03cc533234693424ebf452c1c529,kongzhidea.netty4-rpc,38
https://github.com/eclipse/eclipse-collections-kata,d88dde5f3d66d1d6542d8e3a00996b9dd124d149,eclipse.eclipse-collections-kata,144
https://github.com/NationalSecurityAgency/emissary,842b51594c8c07526c690ad587e40a88d24af01a,NationalSecurityAgency.emissary,43
https://github.com/jenkinsci/email-ext-plugin,ac54d2684668d12eae40189a55a30e677a813b03,jenkinsci.email-ext-plugin,225
https://github.com/graphhopper/map-matching,59e7be37ee424210db312afef4070b06fa263ce1,graphhopper.map-matching,360
https://github.com/lionsoul2014/jcseg,a685765a16d758e6851cadec46900d251a1d3bcb,lionsoul2014.jcseg,633
https://github.com/espertechinc/esper,590fa9c9eb854f1420b9d337b802aca19f963cc0,espertechinc.esper,469
https://github.com/marcosbarbero/spring-cloud-zuul-ratelimit,ae9603f45af05c4a0f940d81b313f273f62f3464,marcosbarbero.spring-cloud-zuul-ratelimit,587
https://github.com/javolution/javolution,ed97f1d983e3a75efc0ce78811e45cf91c8a3af0,javolution.javolution,117
https://github.com/bells/elasticsearch-analysis-dynamic-synonym,dbe8ebeb6b92d9b403acb76020ea7d64b39abcc8,bells.elasticsearch-analysis-dynamic-synonym,106
https://github.com/graphaware/neo4j-uuid,3caa08ab6ed9d5b4114af6f41a786e61128a7396,graphaware.neo4j-uuid,65
https://github.com/Thare-Lam/fast-elasticsearch-query-builder,29714a6ff445395e6f7b8e74d93255bc5e25dcaf,Thare-Lam.fast-elasticsearch-query-builder,31
https://github.com/openwms/org.openwms,99c3e30263246bc4843de98ef3dd96120580ea37,openwms.org.openwms,83
https://github.com/spinn3r/noxy,d53a49421f385c70b5abe7e8cda84ff3a7b59c71,spinn3r.noxy,62
https://github.com/vaadin/charts,b84bf6ac77dca270c5a205f18f00dd5425b8fd2c,vaadin.charts,48
https://github.com/comtel2000/fx-experience,6a1e2d10fc332c215954f5d0056a1de5011744cf,comtel2000.fx-experience,53
https://github.com/itext/itextpdf,378112af1b3de7c80810b7a5ab9090a84fdb809d,itext.itextpdf,903
https://github.com/scijava/native-lib-loader,c0491313114acf52cbe7139802db036d4f1ab2ae,scijava.native-lib-loader,52
https://github.com/pingao777/markdown-preview-sync,c2df1100114df46ed4fc66a38c73eb28cbde318d,pingao777.markdown-preview-sync,43
https://github.com/NationalSecurityAgency/timely,3a8cbd3378cffdc96aad1c52e9b0b2e1481ca45f,NationalSecurityAgency.timely,259
https://github.com/leonchen83/redis-replicator,1105f58380bef0b7bfd164dfdbf8f3a631b55199,leonchen83.redis-replicator,377
https://github.com/ItzSomebody/Radon,37baffbee1568b183a372369bd22cbc3f31177bc,ItzSomebody.Radon,88
https://github.com/opentracing-contrib/java-spring-cloud,c30a105945edcb045d28d47f435a978805bd08ff,opentracing-contrib.java-spring-cloud,111
https://github.com/smoketurner/notification,c1fc9db70566b0a4a1c50c69fe9b0fbcc569386e,smoketurner.notification,39
https://github.com/1and1/cosmo,61d14f4912655ee8946e962aa7707e83eee1f936,1and1.cosmo,31
https://github.com/jpmml/jpmml-model,8e4af8f02a61eb36ac35012ba6166993df24e495,jpmml.jpmml-model,99
https://github.com/imglib/imglib2,687b572274d669911094293275da1cee36521563,imglib.imglib2,176
https://github.com/influxdata/influxdb-java,f71d80e9381a67eea8c462f73bc465c5e6bc7054,influxdata.influxdb-java,592
https://github.com/fluent/fluent-logger-java,da14ec349bf0904da9865940b57b87563616ee04,fluent.fluent-logger-java,162
https://github.com/spring-cloud/spring-cloud-stream-binder-kafka,43c8f02bff53c079572981104db9398c4b6b822b,spring-cloud.spring-cloud-stream-binder-kafka,91
https://github.com/DataDog/jenkins-datadog-plugin,a3a59353bc26da656b59ad2320c24e5cdd6344d8,DataDog.jenkins-datadog-plugin,31
https://github.com/threerings/clyde,9a875ab69ee073de60bbded26b657ab0c2d27065,threerings.clyde,45
https://github.com/jutzig/github-release-plugin,8f03ab5495e86c531aeb0c5589798a250664465e,jutzig.github-release-plugin,58
https://github.com/robo-code/robocode,5b2bf6db1a42f38c948532dde505bcb872625828,robo-code.robocode,344
https://github.com/droidefense/engine,20b7d05a8575b39ea14e3e76d599b284efc9e6b3,droidefense.engine,307
https://github.com/jdemetra/jdemetra-app,e163acc65acb41326b749011908a6cc5badcb20a,jdemetra.jdemetra-app,32
https://github.com/hagyao520/Appium,2cea8e7978b6b5228dcc60a9077eeb3350dcb811,hagyao520.Appium,33
https://github.com/Blazemeter/jmeter-bzm-plugins,71f299e29647af54b45d908167ba619dea5740c5,Blazemeter.jmeter-bzm-plugins,43
https://github.com/apache/commons-pool,7162939e8549d88e1930dfbd4f9dd8662b8ac4d0,apache.commons-pool,213
https://github.com/reficio/p2-maven-plugin,89a7a02f687ce99054f28237bd2709771eddc7e5,reficio.p2-maven-plugin,172
https://github.com/jcustenborder/kafka-connect-twitter,7611364eb6c2d6234bc8a212396d04cfc9e18b8b,jcustenborder.kafka-connect-twitter,36
https://github.com/jhipster/jhipster-sample-app,976b194b17eba1c82295f14d1c4dd6aa1607843c,jhipster.jhipster-sample-app,974
https://github.com/kiegroup/droolsjbpm-tools,88477dba6296858882b59227573468c505f41788,kiegroup.droolsjbpm-tools,48
https://github.com/Romeh/spring-boot-sample-app,1e4555e234677274d4d4662ea9fd02bd193eb89e,Romeh.spring-boot-sample-app,48
https://github.com/xiaolyuh/layering-cache,4370303d5a42042bd315cf819a01dfcfecb7e027,xiaolyuh.layering-cache,31
https://github.com/Swagger2Markup/swagger2markup-maven-plugin,7355d5931fefe86dd352026774e0f88dd75f8899,Swagger2Markup.swagger2markup-maven-plugin,64
https://github.com/qq53182347/liugh-parent,9d753c7b5b95fc4b985b6a8d71ed5a4d9ba3f1e6,qq53182347.liugh-parent,240
https://github.com/RuedigerMoeller/fast-serialization,59f8f800b79479d0b9c80901cf55903d9b027f26,RuedigerMoeller.fast-serialization,1053
https://github.com/sonatype-nexus-community/nexus-repository-composer,4a88c7e151678345a1c1868f209f5dd9f13661c4,sonatype-nexus-community.nexus-repository-composer,50
https://github.com/cisco-system-traffic-generator/trex-stateless-gui,7372566b1032bf7d043b1d8da3644432c0aee667,cisco-system-traffic-generator.trex-stateless-gui,46
https://github.com/wikimedia/search-highlighter,8ba6fef7f835a309a1290db55230b2a2b0eaa59a,wikimedia.search-highlighter,69
https://github.com/spring-projects/spring-shell,5ec589909ed320f999ade109dcc97087e072893b,spring-projects.spring-shell,363
https://github.com/OpenHFT/Chronicle-Network,139ceae0cdec27529d2eed462fc6774536d2f773,OpenHFT.Chronicle-Network,96
https://github.com/GideonLeGrange/mikrotik-java,7e9c0000a582b7bea042965bd91a6ae7c79a44a0,GideonLeGrange.mikrotik-java,88
https://github.com/vert-x3/vertx-reactive-streams,9721521b99a647b62fffec098ac88d645c5ba998,vert-x3.vertx-reactive-streams,39
https://github.com/ArangoDB-Community/arangodb-tinkerpop-provider,e61a1b05cda8b1aa6f61dbbed77841b6f260a9e6,ArangoDB-Community.arangodb-tinkerpop-provider,38
https://github.com/goxr3plus/XR3Player,d535e7fb13afd9fc957b69988150094fdcbe8b7c,goxr3plus.XR3Player,141
https://github.com/hsiafan/requests,6290dfa648fd97b6ea3b78ced6b03f68dc3d26b0,hsiafan.requests,309
https://github.com/hzwy23/batch-scheduler,f64f558f3d9604c68cf0e72c95acb9330e96ed61,hzwy23.batch-scheduler,74
https://github.com/fengjiachun/Jupiter,89ac1277e5711537c39c5598e937c04a823c2739,fengjiachun.Jupiter,840
https://github.com/whvcse/EasyWeb,f75f77009148d2dbbde176337e025907080e8c0f,whvcse.EasyWeb,449
https://github.com/kobeyk/Spring-Boot-Neo4j-Movies,5373e84c69d0cd98a16e45de6cfb62372f93fbdf,kobeyk.Spring-Boot-Neo4j-Movies,58
https://github.com/SUSE/salt-netapi-client,a034ed5914d7c5a3b215131807daa7bf03fd09cf,SUSE.salt-netapi-client,53
https://github.com/confluentinc/rest-utils,c0651d9f1782e5b025a1bcba2647cab95a4320de,confluentinc.rest-utils,57
https://github.com/jnr/jnr-posix,3f871699e9d1b3f34d0c9b3c7c3fe02799a60216,jnr.jnr-posix,167
https://github.com/dataArtisans/flink-training-exercises,4314ec0b5864639b081e34ebac732871eba33699,dataArtisans.flink-training-exercises,166
https://github.com/smoketurner/dropwizard-consul,77d6bace4fd78d44d278609ea06783516d3e7386,smoketurner.dropwizard-consul,50
https://github.com/EwingTsai/spring-boot-faster,9fc276262967f886b796603ab0bd1396e348c95a,EwingTsai.spring-boot-faster,42
https://github.com/bitrich-info/xchange-stream,b1de781ea873fbfe22e22911ff47df17fe2bab35,bitrich-info.xchange-stream,297
https://github.com/apache/olingo-odata4,df332b3384ef2d51daf395eb541d77af9dd8b9f1,apache.olingo-odata4,76
https://github.com/spotify/dbeam,70837e8f610c16c012be424341857236d4242785,spotify.dbeam,62
https://github.com/graphaware/neo4j-to-elasticsearch,f99b38c7a838f9456d13aaefa5c69d123804fbe2,graphaware.neo4j-to-elasticsearch,163
https://github.com/lukaszlenart/launch4j-maven-plugin,4698f6af27b4e698f46df7a4a6a8f092e3f1110b,lukaszlenart.launch4j-maven-plugin,152
https://github.com/javagl/JglTF,b4eb7aa7df464b6144ae082af0ccd729637c0134,javagl.JglTF,47
https://github.com/xcesco/kripton,b3e8dad7ecd154685962381a2a1e51436a929a2b,xcesco.kripton,80
https://github.com/spotify/folsom,ef5d345a5b63be80199b874b4f6921f325d25987,spotify.folsom,89
https://github.com/WorksApplications/elasticsearch-sudachi,b7f2313d526f06e92412e9343635389025b14eea,WorksApplications.elasticsearch-sudachi,43
https://github.com/joshjdevl/libsodium-jni,ba69908830055763409cf8fc7d40998a203a42cb,joshjdevl.libsodium-jni,102
https://github.com/IHTSDO/SNOMED-in-5-minutes,a7dfd24f71fcdf8d2076a7830387d1af21ec9f0b,IHTSDO.SNOMED-in-5-minutes,34
https://github.com/oracle/oci-java-sdk,2e9982f268420efd4010d8dc8370e9d9ade67ec2,oracle.oci-java-sdk,46
https://github.com/digital-preservation/droid,de3ada58cb2814eb4c086daf9f5dba6127cc406d,digital-preservation.droid,102
https://github.com/trol73/mucommander,b2848e4d51580af7023e46e1c3563db1d4d30aac,trol73.mucommander,160
https://github.com/KengoTODA/what-is-maven,90103aaff7e43f9a4d88d03329d40916a6d93a64,KengoTODA.what-is-maven,33
https://github.com/jahlborn/jackcess,dad3be567a30fa6b0f9ad03a5c3a66180b820311,jahlborn.jackcess,46
https://github.com/vert-x3/vertx-jdbc-client,4f6dd856db6cf8abe69b12ab16fd81a2c29dca43,vert-x3.vertx-jdbc-client,55
https://github.com/Adobe-Marketing-Cloud/aem-guides-wknd,5215d7f95c5599b6f353bb1a228911a03c610d25,Adobe-Marketing-Cloud.aem-guides-wknd,48
https://github.com/saturnism/istio-by-example-java,8c4aa59fd89987669366bbe863c74e6eeb7afe6b,saturnism.istio-by-example-java,146
https://github.com/DozerMapper/dozer,49ed24e2f1d3a8eb4ddead01c869c843c457e74f,DozerMapper.dozer,1288
https://github.com/gooddata/GoodData-CL,58728ec3e57ea9a4d689f38b0b385e8724af618c,gooddata.GoodData-CL,48
https://github.com/jenkinsci/docker-plugin,4d4a9579b55adf6e158534370806f406f031818d,jenkinsci.docker-plugin,380
https://github.com/Microsoft/spring-data-gremlin,9fa0ac516148c2f30733ea36eb5e3f903d5fc7ef,Microsoft.spring-data-gremlin,46
https://github.com/vbauer/houdini,52ff62bf58f1f10ef39fde0fd9754c305e6ebbb1,vbauer.houdini,31
https://github.com/michael-simons/biking2,babf52d8f8101d018e357bdd47e5ccb9d8af14d5,michael-simons.biking2,141
https://github.com/jbosstools/m2e-apt,398c4f4f2cf7bcb1babb4ff86595590094af1df8,jbosstools.m2e-apt,33
https://github.com/powertac/powertac-server,8fab40395f7a3e2d42e65fa354cbf46be2eab6cd,powertac.powertac-server,32
https://github.com/pmd/pmd-eclipse-plugin,866d78c1ddf8d2245a0d08858eb816bf92318d7e,pmd.pmd-eclipse-plugin,67
https://github.com/psi-probe/psi-probe,2c066aaf47d935202738d024d7838ab3b4b8851f,psi-probe.psi-probe,768
https://github.com/jfaster/mango,4f078846f1daa2cb92424edcde5964267e390e8f,jfaster.mango,792
https://github.com/cjbi/wetech-admin,a0a32cd12fc6a174313d5eaf2ebb679d897aadfa,cjbi.wetech-admin,114
https://github.com/TheCookieLab/poloniex-api-java,4a2f92eceb1f825642c708786465f438dc381561,TheCookieLab.poloniex-api-java,70
https://github.com/rongcloud/server-sdk-java,48989249ee4c58af28b8f623d309b075fac4a528,rongcloud.server-sdk-java,149
https://github.com/mapr-demos/finserv-application-blueprint,b19eae36c711974b9ccc2acfc0a83a91cc95bca8,mapr-demos.finserv-application-blueprint,45
https://github.com/kilim/kilim,d70791d8d1cf9abc1388f2a44ca8e50ce72939e4,kilim.kilim,1103
https://github.com/spring-projects/spring-guice,05fe354cfcf0fc8ed172923db44ef2451d8a163e,spring-projects.spring-guice,79
https://github.com/outbrain/Aletheia,024a4b7ea4c186329bbe1e20bb31048d95add836,outbrain.Aletheia,46
https://github.com/Waikato/meka,7a47d4eb33d485074a32dbf63ca264e825e5e6d1,Waikato.meka,135
https://github.com/spring-projects/spring-amqp-samples,5defed77d90e2e777422fcef2cb72b1a73ab09a3,spring-projects.spring-amqp-samples,376
https://github.com/CODAIT/stocator,d64230c7a01cffe03b427287bc8d5a20d30e1d25,CODAIT.stocator,66
https://github.com/awhitford/lombok.maven,e2a5d00aaafb4643b6b1548c154812dc00c4bbae,awhitford.lombok.maven,72
https://github.com/openzipkin/zipkin-finagle,eb6153e130b68f1e03aca5163c7bfd3af29531ea,openzipkin.zipkin-finagle,31
https://github.com/nlpie/biomedicus,30accf27a3364fe2c05d4047e5e715670400a5ed,nlpie.biomedicus,33
https://github.com/viritin/viritin,09476fdd872dfbabb8fdfbc1e749a5cfba0024d0,viritin.viritin,149
https://github.com/conversant/disruptor,34b13668bb0b830da8f7fdbf242486b7ed6bbca9,conversant.disruptor,141
https://github.com/Microsoft/java-debug,15d3464e2b8e8274e48aadbac436ca6f4a3325f0,Microsoft.java-debug,70
https://github.com/wihoho/FaceRecognition,df9471c04d6ee1aa990fb97dd7352be8ab59e6d4,wihoho.FaceRecognition,163
https://github.com/bouncestorage/chaos-http-proxy,49ac6a08dabbb4a682aa6d03a392ac86a7a95204,bouncestorage.chaos-http-proxy,115
https://github.com/codingchili/excelastic,6bb7884b1e70f9e588d75bdaf132a84f6e896a7a,codingchili.excelastic,63
https://github.com/saucelabs/saucerest-java,9f28433be4e4795ee1c67787c7a8ebc7cc83c794,saucelabs.saucerest-java,30
https://github.com/rapla/rapla,9d730b165e45f20c3685cfd06eaafd0a1048b439,rapla.rapla,40
https://github.com/jenkinsci/workflow-cps-global-lib-plugin,bef072a605d267562d94edf209bbc99e8960b457,jenkinsci.workflow-cps-global-lib-plugin,161
https://github.com/criccomini/ezdb,2adaccee179614f01e1c7e5af82a4f731e4e72cc,criccomini.ezdb,53
https://github.com/kodapan/osm-common,c33d63b9a225bf389530987c2c7e2635474f138f,kodapan.osm-common,34
https://github.com/latexdraw/latexdraw,10dadcfe65bbfd27995cb4b97d64fa58b28b2885,latexdraw.latexdraw,207
https://github.com/smartloli/kafka-eagle,d2c87e5b611b65c288e2e8e231b2adb26f3186f6,smartloli.kafka-eagle,500
https://github.com/jbox2d/jbox2d,5eaaee8e196aa89843cead3a6b821fda189bbe8f,jbox2d.jbox2d,681
https://github.com/opencypher/openCypher,64ec11f72be9e49b07ca21930a93b53f35ad57e8,opencypher.openCypher,310
https://github.com/librato/metrics-librato,10713643cf7d80e0f9741a7e1e81d1f6d68dc3f6,librato.metrics-librato,49
https://github.com/jmock-developers/jmock-library,ddce923d3b1ca59ab9d94687116ad0862b39290b,jmock-developers.jmock-library,98
https://github.com/OpenHFT/Chronicle-Engine,24761220caf2220229735881d14fe403e478005b,OpenHFT.Chronicle-Engine,289
https://github.com/alien4cloud/alien4cloud,eb57d0feca6c37e0a4aafc3feef494e43e02ecda,alien4cloud.alien4cloud,50
https://github.com/dieselpoint/norm,005f1b7056d8a3001a75e952b10f8d74dcabd824,dieselpoint.norm,85
https://github.com/kaiwaehner/kafka-streams-machine-learning-examples,2df6f7d284d8a66b2e59fdd9ee517fe9ae806369,kaiwaehner.kafka-streams-machine-learning-examples,344
https://github.com/Zhuinden/spring-spark-example,ca7cd566d951bf2bf0eed42e51cbc2eeef130348,Zhuinden.spring-spark-example,42
https://github.com/BlackmodeN/iCloudDisk,95c1beaec28ef3343be5991c68acfd43e29dc86b,BlackmodeN.iCloudDisk,58
https://github.com/ralscha/extdirectspring,4b018497c4e7503033f91d0491b4e74bf8291d2c,ralscha.extdirectspring,111
https://github.com/ktuukkan/marine-api,af0003847db9ba822f67d4f1dceb8de3fe63250a,ktuukkan.marine-api,111
https://github.com/WojciechZankowski/iextrading4j,fdab65d41ebdd94db6526a716af728d87bb323d1,WojciechZankowski.iextrading4j,57
https://github.com/Dempsy/dempsy,ee35732a72dd0d65666029ed42101272d7bcc6b7,Dempsy.dempsy,192
https://github.com/spring-cloud/spring-cloud-deployer,80ee572b20cb5693cfefbb347a96a0acb91b299f,spring-cloud.spring-cloud-deployer,73
https://github.com/signalapp/Signal-Server,a3545ce551b92743458dc651e4e390d20dc550e7,signalapp.Signal-Server,1380
https://github.com/dice-group/AGDISTIS,6fe5d0eb06697c12a9681aa1e0133f85ba5c533a,dice-group.AGDISTIS,71
https://github.com/michael-simons/wro4j-spring-boot-starter,d06ffd2cb7d1c7a4c47e1b2505f075d59b80d28d,michael-simons.wro4j-spring-boot-starter,50
https://github.com/wildfly/wildfly-maven-plugin,0dda0062d660813c469040f60999aac76660e1f4,wildfly.wildfly-maven-plugin,47
https://github.com/tcurdt/jdeb,b899a7b1b3391356aafc491ab601f258961f67f0,tcurdt.jdeb,336
https://github.com/DevLeoko/AdvancedBan,bb0b3bd0bac84dca9884faa5607568d59dd3b108,DevLeoko.AdvancedBan,35
https://github.com/codahale/usl4j,37f31a9a062159487ed58cefbddd2d2118f1a31a,codahale.usl4j,177
https://github.com/kagkarlsson/db-scheduler,4a8a28e60640dcd03e8d3bf212f483d35b0b6310,kagkarlsson.db-scheduler,76
https://github.com/jaycekon/SpringBoot,5cd3d11ad405591ba28d7d5570141b5c8194643b,jaycekon.SpringBoot,89
https://github.com/pippo-java/pippo,ae898b6c478af7365b04c2f5bf9331abf496b166,pippo-java.pippo,682
https://github.com/jflex-de/jflex,91383c9dfe85e82e6585b776e05c7ee675aab690,jflex-de.jflex,235
https://github.com/danielolszewski/blog,7f9dba34d2a9c063d4cd3f840324425f56563231,danielolszewski.blog,38
https://github.com/jenkinsci/dashboard-view-plugin,3c06d25578d7274c1f4b499fb9f5269ca4d3a767,jenkinsci.dashboard-view-plugin,35
https://github.com/eviltester/startUsingSeleniumWebDriver,9c70d84af2208e9cda5e67d9372a9ec79d41a5e8,eviltester.startUsingSeleniumWebDriver,47
https://github.com/wso2/carbon-apimgt,a82213e40e7e6aa529341fdd1d1c3de776949e64,wso2.carbon-apimgt,57
https://github.com/lipiji/JRNN,1f4d3bc49d2cef9e757e7af52bf3c49f21a9ad04,lipiji.JRNN,78
https://github.com/Baeldung/spring-security-oauth,aeb494131258cb2e2fb638be3f40f35c45a838df,Baeldung.spring-security-oauth,833
https://github.com/liuht777/Taroco,ea567eff075abeda94b16ac919dd93f005fc7e20,liuht777.Taroco,138
https://github.com/jenkinsci/bitbucket-build-status-notifier-plugin,df373d0ae3ac32a5337c1c002505dee0c85ff5b0,jenkinsci.bitbucket-build-status-notifier-plugin,55
https://github.com/zalando/problem,f9f7452692e0ce37cf94a7c76d379f927cfbae7e,zalando.problem,213
https://github.com/RIPE-NCC/whois,79e90f41d7eeee42f2c3ad299bfccc4e8005ce8c,RIPE-NCC.whois,207
https://github.com/ppiastucki/recast4j,01d478e190b731d2fe861e3b969b4c8dd04f0ede,ppiastucki.recast4j,52
https://github.com/PreferredAI/venom,93fbdd18e23a801a0b984142fc33a04b38e6b2d4,PreferredAI.venom,31
https://github.com/joel-costigliola/assertj-guava,f90670ea782c68a015a31dc8095eef0802379a9e,joel-costigliola.assertj-guava,34
https://github.com/ops4j/org.ops4j.pax.web,68275fcdd872f4dc82c7c49e23f3eed1d74d6cef,ops4j.org.ops4j.pax.web,112
https://github.com/zalando/jackson-datatype-money,a71790d131ccf4e805eacec21bf7efeacce6e1bb,zalando.jackson-datatype-money,98
https://github.com/jenkinsci/jira-plugin,ec1d16a6dced09e8d8341033552df77838fea1a6,jenkinsci.jira-plugin,113
https://github.com/googleapis/google-auth-library-java,8225b92f88cc33edddcd0d4643ca1d9096cb1855,googleapis.google-auth-library-java,144
https://github.com/easymock/easymock,46e44f968d042e31d3ffb97a3e78a32f9433429f,easymock.easymock,507
https://github.com/kloiasoft/eventapis,4f11c014242926985c1626ac706910d84da976da,kloiasoft.eventapis,138
https://github.com/windup/windup,3f3900febca694b5f3f5f32a8af50c55bb7a2bb1,windup.windup,87
https://github.com/openshift/openshift-restclient-java,fee040f2872a406504a058fe67ab13ad4e061314,openshift.openshift-restclient-java,48
https://github.com/snowxwolf/boot,0c1b2d502ff11cab0d692651150c681992c0f2fb,snowxwolf.boot,76
https://github.com/ctco/cukes,b483e1a8f261b80a66291a42fc455256b0b5059c,ctco.cukes,71
https://github.com/my2iu/Jinq,c5d1cbf8fb84c772473a40ec2dad05fc1f01db32,my2iu.Jinq,518
https://github.com/ozimov/spring-boot-email-tools,8353834e97cf9c7b5bf34a52eb3f3787d1b6df4f,ozimov.spring-boot-email-tools,129
https://github.com/FlexTradeUKLtd/jfixture,8733db70343bc253b9b8626aa94ed538ccb21a82,FlexTradeUKLtd.jfixture,48
https://github.com/keeps/roda,d30ee3bc0776d444c081d411f21945164a947f7e,keeps.roda,33
https://github.com/zheng-zy/spring-boot-redis-guava-caffeine-cache,fbc382cd7a4415c740c1fa34af5f61f10f0a71b7,zheng-zy.spring-boot-redis-guava-caffeine-cache,42
https://github.com/graphaware/neo4j-nlp,2623fce698ae85352915ca8ff606962431ed56d8,graphaware.neo4j-nlp,151
https://github.com/julietkilo/CANBabel,392959d72f7baaa72a417f97b9c130e92201c240,julietkilo.CANBabel,69
https://github.com/aerisnju/mylizzie,6e3785f9661dccaca7420b0df100b39dac42b287,aerisnju.mylizzie,35
https://github.com/jbellis/jamm,b397a48705ff579028df258e08e28b9c97d8472b,jbellis.jamm,476
https://github.com/open-eid/digidoc4j,a2713c18966bd196b928f8d38552d5649e2499bc,open-eid.digidoc4j,42
https://github.com/vert-x3/vertx-mongo-client,8fdf4758fcc358d848c698a06a44159f9e9381dc,vert-x3.vertx-mongo-client,30
https://github.com/luisgoncalves/xades4j,bbc9f158d82aa4caf397cec075048d94fe3ec4b9,luisgoncalves.xades4j,44
https://github.com/postgis/postgis-java,aa72f13c465b7744559c1c51d1c5b126eb616d72,postgis.postgis-java,51
https://github.com/cescoffier/vertx-completable-future,011d3cd963b9a810c2e8e616da27bbfd8a3c717e,cescoffier.vertx-completable-future,37
https://github.com/Drombler/drombler-fx,c729bf5e513696e24f2a3b6c5be64354e11fbcf1,Drombler.drombler-fx,45
https://github.com/errai/errai-tutorial,0a404bf87ca506d9a8bade6d80e2a2ffa8c6350e,errai.errai-tutorial,34
https://github.com/biezhi/excel-plus,c065d137f718a7d6f5f0533734639cfca098e438,biezhi.excel-plus,76
https://github.com/creactiviti/piper,82bbb16b88a55fb37a9200e5fe46f54b2f872fff,creactiviti.piper,180
https://github.com/Exrick/xpay,9ad5ff0c7de60762dcd8e4e57a1d0b9e26678c82,Exrick.xpay,1382
https://github.com/deegree/deegree3,40ae9f8a3929848eb8d94bc8228423f5015e4e2d,deegree.deegree3,58
https://github.com/TongxiJi/shadowsocks-java,38e8f61d85cfde88597ee16e222a4281c80572a8,TongxiJi.shadowsocks-java,150
https://github.com/spotify/futures-extra,1d41a60acf92a0c30d8858a301fe9987b9858017,spotify.futures-extra,77
https://github.com/dschanoeh/Kayak,6685a64ccd3b18d74cdda9a201b6b8258b380859,dschanoeh.Kayak,167
https://github.com/jenkinsci/chucknorris-plugin,37887a8b78e86afb1248c4f40db6c7d2dd1af6f6,jenkinsci.chucknorris-plugin,64
https://github.com/tzaeschke/ode4j,45eeb37ee0aed9cf6721fa794339c42c4e281a08,tzaeschke.ode4j,66
https://github.com/magro/memcached-session-manager,114635d6446da5333e2cf2bbba62c411d5233948,magro.memcached-session-manager,671
https://github.com/sonyxperiadev/gerrit-events,44650d55844136293bd051be3469cba854a8c548,sonyxperiadev.gerrit-events,33
https://github.com/nguyenq/tess4j,52cbd8e8c366f25ea0f8703c4294b996a1f538ce,nguyenq.tess4j,569
https://github.com/hengyunabc/xdiamond,7dd40a50752faea8aedb25977153eb3d229d5308,hengyunabc.xdiamond,545
https://github.com/jenkinsci/kubernetes-pipeline-plugin,bb6d52b4af06c6915ab8b41f12ea686ee77b48ad,jenkinsci.kubernetes-pipeline-plugin,103
https://github.com/apache/sis,475ebea8835ba4e3eaf33904ba859be377e9d5b9,apache.sis,43
https://github.com/apereo/java-cas-client,574b74fa64e4c95bda00ff41d06d358684a0b2e6,apereo.java-cas-client,486
https://github.com/moshowgame/SpringBootCodeGenerator,09836c1da524530dc008925268bc13d1efe65ea8,moshowgame.SpringBootCodeGenerator,33
https://github.com/rainmanwy/robotframework-SikuliLibrary,da6eaf1b19c0c08c3be11e56c2827928060c033a,rainmanwy.robotframework-SikuliLibrary,55
https://github.com/SoftwareKing/halo,ebcd9a0184a231e1aa112f5eeed2b9b748c35108,SoftwareKing.halo,111
https://github.com/openshift/jenkins-client-plugin,6f937daa4baca8c89da89409c8154b5181501a42,openshift.jenkins-client-plugin,77
https://github.com/yuboon/Aooms,2ab2473506baaca10c57bc6012ee603a64ca2465,yuboon.Aooms,30
https://github.com/eclipse-ee4j/tyrus,d86e0cb0a4f26ba89daf8668137c156e57fea565,eclipse-ee4j.tyrus,36
https://github.com/alipay/sofa-ark,e603e544d6243361b76edb4bed4de922356f8fb3,alipay.sofa-ark,465
https://github.com/msemys/esjc,1e7f7af6e078d972ba307aca142c51b250a0f36f,msemys.esjc,74
https://github.com/docbleach/DocBleach,f5ba88460b93cd08cbfdacae0775ca07f564ad31,docbleach.DocBleach,73
https://github.com/abashev/vfs-s3,2a75dd50460dd35917c1eadd0932660a427417b3,abashev.vfs-s3,55
https://github.com/vaadin/spreadsheet,36344f0c90bda607986bb611f0f2e06e96ea5c11,vaadin.spreadsheet,37
https://github.com/hexagonframework/spring-data-ebean,dd11b97654982403b50dd1d5369cadad71fce410,hexagonframework.spring-data-ebean,34
https://github.com/Wikidata/Wikidata-Toolkit,20de6f7f12319f54eb962ff6e8357b3f5695d54d,Wikidata.Wikidata-Toolkit,222
https://github.com/apache/ctakes,a5656f249b5d98a9ec091b2c43272987ce0d6da4,apache.ctakes,39
https://github.com/vert-x3/vertx-stack,883a00f69116019cf28cee6acb7ed923e96bb161,vert-x3.vertx-stack,87
https://github.com/xenv/S-mall-ssm,a2c684e434b5eb37d08eb25d5e7081b4bdeda1b9,xenv.S-mall-ssm,104
https://github.com/KostyaSha/yet-another-docker-plugin,d07aa968b6067748277b0f3aa9a1803cb5528048,KostyaSha.yet-another-docker-plugin,78
https://github.com/fhoeben/hsac-fitnesse-fixtures,a64c18d9c4bac8271275c7b089d40be20f0604b5,fhoeben.hsac-fitnesse-fixtures,73
https://github.com/TechnionYP5779/team4,1b5bcce1e3a8072082c2ddc4db214319a89462ba,TechnionYP5779.team4,32
https://github.com/wuyouzhuguli/FEBS-Shiro,66d984f2bedc0c3ea5ee7d307c359eabafdec845,wuyouzhuguli.FEBS-Shiro,1006
https://github.com/jhipster/jhipster-sample-app-react,55450a1713c3bfbecfc7e313bff3532b9d81d434,jhipster.jhipster-sample-app-react,59
https://github.com/spring-petclinic/spring-petclinic-microservices,54de1aea77540215c5aebf59c7419a3510f25879,spring-petclinic.spring-petclinic-microservices,280
https://github.com/subchen/jetbrick-template-2x,dbd84d44652915daa54e5125b45eefdcc4fc341d,subchen.jetbrick-template-2x,257
https://github.com/goxr3plus/JavaFX-Web-Browser,28ff3327c9d22d18062dd2d3db1df4f3aa18b574,goxr3plus.JavaFX-Web-Browser,53
https://github.com/wildfly-security/wildfly-elytron,10967943a26444c0b37fe1c5cf170ebd764a26eb,wildfly-security.wildfly-elytron,30
https://github.com/armenak/DataDefender,82df812a091477f1be439b73d4bb4befedff64e6,armenak.DataDefender,36
https://github.com/apache/fluo,45e4fb27e40e3e8b1b0dca31322d55edc710dce1,apache.fluo,120
https://github.com/sebthom/oval,298d2f465440687ad9220c8b34837c24d02fb5c3,sebthom.oval,32
https://github.com/Lambda-3/Graphene,b1de3f6319e80e1b98966a3d7f46cca853a91f44,Lambda-3.Graphene,34
https://github.com/docker-java/docker-java,eecc9045e1576a014180d747649d24e56f804a2b,docker-java.docker-java,1185
https://github.com/webrtc/KITE,7163b468e8d9eefcf13e064515ee8160250259fc,webrtc.KITE,80
https://github.com/eclipse/eclipse.platform.swt,f7809ccff79013c51ee4f31d080cdbc47f29fdd1,eclipse.eclipse.platform.swt,59
https://github.com/odrotbohm/sos,d4ed68a143b637c7e2d523edad1b105bf6c2d996,odrotbohm.sos,152
https://github.com/tranxactive/J2PAY,1539d50ad6095a7098e4591333f2ccdabc462e93,tranxactive.J2PAY,58
https://github.com/kennyk65/Microservices-With-Spring-Student-Files,519012d55a8a6bd3bccb038f548f1853e9d38f20,kennyk65.Microservices-With-Spring-Student-Files,225
https://github.com/addthis/hydra,b89f01adc0ca81b9ea5056a64bf7649827a464ef,addthis.hydra,431
https://github.com/davidB/scala-maven-plugin,db2ff7a6e9f446e71e6f66aac5db69fe9dc9b8d1,davidB.scala-maven-plugin,390
https://github.com/apache/commons-compress,6e47be35fca595d8637441a578e29045b329c611,apache.commons-compress,104
https://github.com/FroMage/redpipe,0aff891d6befdf0dcc2bdbfda22262cdf82ac66f,FroMage.redpipe,54
https://github.com/radkovo/jStyleParser,aad17ffa01fcd31d1b5e4f4aec0f8b447d710d55,radkovo.jStyleParser,50
https://github.com/OpenAdv/gae,a1876a45f15dc219a5a1df9bdc81b96ee2faf7c6,OpenAdv.gae,54
https://github.com/PeteGoo/tcSlackBuildNotifier,2840c61f7e3bfe136049343ea5426df491bea6b3,PeteGoo.tcSlackBuildNotifier,300
https://github.com/Baeldung/reddit-app,c7af951a38b26d0ca85f33798972a61917c700cd,Baeldung.reddit-app,59
https://github.com/FasterXML/woodstox,399294e01531a890d7758b6cf731da09b7e421f5,FasterXML.woodstox,84
https://github.com/saintdan/spring-microservices-boilerplate,9d708ccda70e9b4a7eeddcf278280eb93cf65c23,saintdan.spring-microservices-boilerplate,509
https://github.com/FasterXML/jackson-datatype-joda,d32ee84bd815e67f73116a7835b467fcd69b9445,FasterXML.jackson-datatype-joda,113
https://github.com/spring-cloud/spring-cloud-stream-binder-rabbit,98bc59ceef2fad9bc0d68c0c1bdab41ff36ce995,spring-cloud.spring-cloud-stream-binder-rabbit,30
https://github.com/MitchTalmadge/ASCII-Data,797d4e576eebda1b6e48b57218c213faf5b9f279,MitchTalmadge.ASCII-Data,37
https://github.com/daggerok/streaming-file-server,26540df004c85dd1ed66ea5d5f3f1b8059be7807,daggerok.streaming-file-server,42
https://github.com/bujiio/buji-pac4j,9daafe2934fed8a74913dbd4222bde0fbc2c8423,bujiio.buji-pac4j,346
https://github.com/javadelight/delight-nashorn-sandbox,da35edc0a75424bad8cbf60959fae253202154c4,javadelight.delight-nashorn-sandbox,118
https://github.com/vert-x3/vertx-mqtt,c8213e0f41150a1a02f4ad1185762494b52c6350,vert-x3.vertx-mqtt,64
https://github.com/danielflower/maven-gitlog-plugin,433e3437da640bdba8f50b35d435b86054dbe48b,danielflower.maven-gitlog-plugin,44
https://github.com/uwolfer/gerrit-rest-java-client,23e4a9c099641e8226655667c929e0cd274d247e,uwolfer.gerrit-rest-java-client,80
https://github.com/manorrock/jakartaee-examples,162cd5a23f1035de8612108d4cf4b9ae0874b442,manorrock.jakartaee-examples,60
https://github.com/banshee/AndroidProguardScala,854e5f89e546c4e211ad02676ad601d1e00c0789,banshee.AndroidProguardScala,138
https://github.com/jenkinsci/workflow-multibranch-plugin,36f92f9888c9fdfc317888e907ad8c6bd2d39998,jenkinsci.workflow-multibranch-plugin,42
https://github.com/xuxueli/xxl-sso,b3ea7342ebd59286bc6eb0f508d42a6adff642aa,xuxueli.xxl-sso,465
https://github.com/smallnest/rpcx-java,aaf6da002182d63793473135ad546f5e48c59193,smallnest.rpcx-java,39
https://github.com/OpenPojo/openpojo,9badbcc4593e797accfed5e51bec9f2b843f0f67,OpenPojo.openpojo,98
https://github.com/vert-x3/vertx-service-proxy,9d2a5641085a81d17adb67663fa4eefed760fef8,vert-x3.vertx-service-proxy,49
https://github.com/vietj/advanced-vertx-guide,60757da304ee32680f3da3aa2d9fa70faed8da05,vietj.advanced-vertx-guide,60
https://github.com/SudaVideo/MyVideoApi,99b77f600b9862dfae7165ff72f36e5b9ea90971,SudaVideo.MyVideoApi,45
https://github.com/brix-cms/brix-cms,f07a3e5cbf0aa409043f57fd91dba473a6561ceb,brix-cms.brix-cms,114
https://github.com/iotaledger/iota-java,924a0671f21d766da0f82b9df670307b27391a55,iotaledger.iota-java,102
https://github.com/dma-ais/AisLib,d87c57a844fb204d2ddf56bfd522fc34e67c7c90,dma-ais.AisLib,67
https://github.com/zavtech/morpheus-core,09895c1a16293b69bbc79cd952fcec3d5d89e372,zavtech.morpheus-core,119
https://github.com/monitorjbl/json-view,27367e7da07f8a726b82cbbdac38dd61fd7393bf,monitorjbl.json-view,118
https://github.com/mybatis/migrations,492e6ed43c5ca65622dffac2f5f515618b4e9c9f,mybatis.migrations,133
https://github.com/petitparser/java-petitparser,d91907bb4b0aaa5b0af6792c0d673cda0e19f17a,petitparser.java-petitparser,72
https://github.com/eclipse/eclipse.jdt.core,9456faecd913b568ad32f986cea7c72512abc05c,eclipse.eclipse.jdt.core,131
https://github.com/Netcentric/accesscontroltool,a8ae0c4dd68ed2d3e060f4368f1c7145d7b053d6,Netcentric.accesscontroltool,71
https://github.com/FaustXVI/junit5-docker,b6bc5314246d87c844fcad127a769756edf0f66d,FaustXVI.junit5-docker,53
https://github.com/HubSpot/Rosetta,16d4b61efd6aebaf50053659a86d291aeaf05635,HubSpot.Rosetta,87
https://github.com/Hipparchus-Math/hipparchus,58be0745b63052a7219d706182f583c618a36b68,Hipparchus-Math.hipparchus,31
https://github.com/jhipster/jhipster-online,9a0968c39305feb281cc49536482b577b9ac9b9b,jhipster.jhipster-online,49
https://github.com/jidesoft/jide-oss,2411e020e1cbacbef09dc24f12f023cd39abf2d0,jidesoft.jide-oss,123
https://github.com/mbechler/marshalsec,6e5f2a7974a62fcd0e5bbbf8df64774a50db2eb8,mbechler.marshalsec,497
https://github.com/3breadt/dd-plist,982fec5236b39132179898e156feaeea91d196d4,3breadt.dd-plist,137
https://github.com/vert-x3/vertx-zookeeper,ee38335475fa6827e60530bca40f7fe959cfe83c,vert-x3.vertx-zookeeper,52
https://github.com/crosg/Albianj2,889933b7778eb73a8fec982a5c7dd517e58addb2,crosg.Albianj2,213
https://github.com/OysterQAQ/Pixiv-Illustration-Collection,3c69ebd3c938a3840d8e7e8b431bb8e939b9e7fe,OysterQAQ.Pixiv-Illustration-Collection,368
https://github.com/jetty-project/jetty-alpn,bb23c157828b339e8d9b520d4f1d02e0e0a649c1,jetty-project.jetty-alpn,37
https://github.com/jenkinsci/jacoco-plugin,58336ca340ec4b72667ffbd2284296ec2bb2f280,jenkinsci.jacoco-plugin,93
https://github.com/Adobe-Consulting-Services/acs-aem-samples,bc97d68c819c4cb12557ea671bcb4923fcaecba9,Adobe-Consulting-Services.acs-aem-samples,124
https://github.com/SoftInstigate/restheart,1fb687dee5c604dfe75ef387be485fd98da32917,SoftInstigate.restheart,509
https://github.com/heroku/heroku-maven-plugin,96499d30040ebcbdd47ebdb942d91a81e0116132,heroku.heroku-maven-plugin,33
https://github.com/baidu/uid-generator,2fcbc13d2016fcfb7648a18296951f6942215255,baidu.uid-generator,1125
https://github.com/alibaba/easyexcel,3ac54c3f14f9a5a8e6fa0ec7cfbe6725f831f8d0,alibaba.easyexcel,2614
https://github.com/spring-cloud/spring-cloud-aws,64ec6d15c67e98c3372ab88c9e5b31d5a89a68f8,spring-cloud.spring-cloud-aws,312
https://github.com/OpenHFT/Chronicle-Wire,bd93763240adec7cd867b8932c144f6be3f67f6f,OpenHFT.Chronicle-Wire,118
https://github.com/raydac/java-binary-block-parser,6a05908ca7027140197040d544724b434c6f1cdc,raydac.java-binary-block-parser,110
https://github.com/giltene/jHiccup,aa184562f7604e8f47248de661e522ef89e6a9f0,giltene.jHiccup,463
https://github.com/apache/nifi-registry,f1e5aef7bef7d4f5ec89b2347e6a6c7e78aa589c,apache.nifi-registry,49
https://github.com/javaee/grizzly,c704aa684f47abd38a7a8ac9f044e65e928270ef,javaee.grizzly,184
https://github.com/wireapp/lithium,503a646580c64887cca4981dfe158244684bea3c,wireapp.lithium,49
https://github.com/apache/tez,282bb0a3fddf20260d71b0a6cd798fa5479e7038,apache.tez,201
https://github.com/HPI-Information-Systems/Metanome,15b785424f206745e8c6190adfb4bf62cd58a8d8,HPI-Information-Systems.Metanome,100
https://github.com/flaxsearch/luwak,c27ec08c803db6ca6be1b6e8017f45667e603161,flaxsearch.luwak,325
https://github.com/asterisk-java/asterisk-java,ae28391dc9695fee1adac148ca875dc5346dfe1e,asterisk-java.asterisk-java,256
https://github.com/zalando/faux-pas,961a8b49f3c36bf2ce94027017e764b40aaa85f4,zalando.faux-pas,57
https://github.com/nidi3/graphviz-java,9f431d769549defd15b34cdca879ada117356be9,nidi3.graphviz-java,282
https://github.com/thomasmueller/minperf,c184312249bcf101db6fa25f17c3d77c7bbb7e42,thomasmueller.minperf,68
https://github.com/jenkinsci/credentials-plugin,11873056e05470405fa004adbd2967d96eeafa12,jenkinsci.credentials-plugin,38
https://github.com/apache/helix,e8125e8b97febbbf2e80000d870656d0b05e3814,apache.helix,158
https://github.com/codelibs/elasticsearch-dynarank,53d736f12c7cfab3086b661ded57d3ec8a919545,codelibs.elasticsearch-dynarank,33
https://github.com/rrd4j/rrd4j,e42d2eb43fef5e387f65ad50ab0e51c766233db9,rrd4j.rrd4j,187
https://github.com/hyperledger/quilt,d83cdcbb62d03ea72d0beaaf6c1c86debf28afb3,hyperledger.quilt,140
https://github.com/BriData/DBus,ead8723b4fe41a9cf622d9877cb211e6397ee0aa,BriData.DBus,325
https://github.com/baishui2004/common_gui_tools,c7c09cd73c50ebbfbd0ca809ec9a3b042da25bc5,baishui2004.common_gui_tools,96
https://github.com/rakam-io/rakam,656c168d78aeb3058388df22ee88f21e391eadfd,rakam-io.rakam,689
https://github.com/c2mon/c2mon,d80687b119c713dd177a58cf53a997d8cc5ca264,c2mon.c2mon,37
https://github.com/tencentyun/cos-java-sdk-v5,60b870b67aa1bccb4b590f0418e081cfc2d487b9,tencentyun.cos-java-sdk-v5,35
https://github.com/wuyouzhuguli/FEBS-Security,041bf5a48c59659245b7fbc627cdd5962ff0fa33,wuyouzhuguli.FEBS-Security,272
https://github.com/ChestShop-authors/ChestShop-3,6fe6f8053845c9f9c8161fcccc1903f9750c59f8,ChestShop-authors.ChestShop-3,89
https://github.com/qwazer/scheme2ddl,cc33d5c1f5d9bdd974b47aa39a0276f21d646daa,qwazer.scheme2ddl,51
https://github.com/checkstyle/eclipse-cs,768ef915f55231426e09afc63183761415e19ab7,checkstyle.eclipse-cs,34
https://github.com/sonatype-nexus-community/nexus-repository-helm,60a9e8de0d97bfa4e3f7ee6bb87d518e398f03f2,sonatype-nexus-community.nexus-repository-helm,38
https://github.com/seagull1985/LuckyFrameWeb,a951b1de4a2ea1b620572da227722ceb836e4bd7,seagull1985.LuckyFrameWeb,53
https://github.com/vgoldin/cqrs-eventsourcing-kafka,9fc34373ebdea38168f867b48f8a737fc251de72,vgoldin.cqrs-eventsourcing-kafka,52
https://github.com/fabric8io/shootout-docker-maven,c22bed6bdee0c9c55db53acf1b443834d88fe7c9,fabric8io.shootout-docker-maven,70
https://github.com/wso2/balana,9088b3a079ac227a10d07707f571cc5b205dca98,wso2.balana,51
https://github.com/unitsofmeasurement/unit-api,f3f0dc4596871b7e97951934c1e0b3b172661660,unitsofmeasurement.unit-api,76
https://github.com/cloudfoundry/java-buildpack-auto-reconfiguration,ea168af9b236587d605f8eeb5afa87ac129037aa,cloudfoundry.java-buildpack-auto-reconfiguration,214
https://github.com/alibaba/jvm-sandbox,24259b0f9632f3772b75574248aec276c755417a,alibaba.jvm-sandbox,1868
https://github.com/jenkinsci/pipeline-utility-steps-plugin,f823b66b5227803ae00beb5001c2fedf2f532205,jenkinsci.pipeline-utility-steps-plugin,98
https://github.com/digitalfondue/lavagna,90aced1f05be08ca17dfb3bedbfd07537ba0bbaa,digitalfondue.lavagna,406
https://github.com/zalando/riptide,8277e11fc069d8e24df0d233ef2577cc75659b75,zalando.riptide,84
https://github.com/jclouds/jclouds-labs,424f358e8dae87435aae11db58c5dc4f3092b435,jclouds.jclouds-labs,42
https://github.com/braintree/braintree_java,89f32f68627edff896950800a20352cd4282fd7e,braintree.braintree_java,97
https://github.com/danielnorberg/auto-matter,73593c234683bbab84b86485ec9a713e7e04425b,danielnorberg.auto-matter,48
https://github.com/serenity-bdd/screenplay-pattern-todomvc,7c208336ec2cd6055ba1847c187b5e56d0d4057a,serenity-bdd.screenplay-pattern-todomvc,33
https://github.com/yahoo/sherlock,291f397edc85670df5c99da87ee1bc1f7236a8c5,yahoo.sherlock,38
https://github.com/OpenHFT/Java-Lang,afea226a56f266e8e25e9d8396d82a158c571374,OpenHFT.Java-Lang,267
https://github.com/vert-x3/vertx-redis-client,121561d7a75e1ff3d96f218196540ddf6bffffd8,vert-x3.vertx-redis-client,50
https://github.com/lior-k/fast-elasticsearch-vector-scoring,af7b8326034e1ae2f5f90e5b7b6fd7c0e34ca80f,lior-k.fast-elasticsearch-vector-scoring,59
https://github.com/apache/qpid-jms,0633a2330de5dab97758e6fd82fc4cd3855dd287,apache.qpid-jms,37
https://github.com/kpavlov/jreactive-8583,dcb50021e633c1a2f94c9999f524cefff0092f6e,kpavlov.jreactive-8583,135
https://github.com/spring-cloud-stream-app-starters/tensorflow,b8a0c772efae6b67731b23141fa999792a33b0dd,spring-cloud-stream-app-starters.tensorflow,58
https://github.com/americanexpress/nodes,589c6971ffba5d9bb509303202841f3b5e36f812,americanexpress.nodes,114
https://github.com/yahoo/elide,bb0169c5573f2ff8a0a8be568979b787cdd91b49,yahoo.elide,461
https://github.com/robinst/autolink-java,9b01c2620d450cd51942f4d092e4e7153980c6d8,robinst.autolink-java,111
https://github.com/eclipse/eclipse.jdt.ui,5e7287021c227949085f73ee80b4cc00d090cc37,eclipse.eclipse.jdt.ui,48
https://github.com/camel-tooling/camel-idea-plugin,9e70b831761c820dc9aa503d64d7d3e25a5b3365,camel-tooling.camel-idea-plugin,101
https://github.com/MisterChangRay/common-mvc,5b18f7837da1fa91a615cc227e2b7f608044586f,MisterChangRay.common-mvc,76
https://github.com/FasterXML/jackson-dataformats-text,50cb09fcc3585512de891506dff25822b95a4130,FasterXML.jackson-dataformats-text,117
https://github.com/drucoder/sweater,91e9f3b488f54f98dc430bb1df06821f859b44cc,drucoder.sweater,42
https://github.com/SonarSource/sonar-scanner-cli,0f6b7875a0996393a0fca62c309ca4cc937c7c4c,SonarSource.sonar-scanner-cli,56
https://github.com/vert-x3/vertx-maven-starter,d27dcc2d8869e40140e9ba8990d10e27ae3a76ca,vert-x3.vertx-maven-starter,100
https://github.com/steveohara/j2mod,3ff920acfa88e05fad691d691a7770bd2c3d7d55,steveohara.j2mod,85
https://github.com/eclipse-ee4j/yasson,f2e2736341883dc7a23b3825eb1a8c5811c5504e,eclipse-ee4j.yasson,91
https://github.com/charithe/kafka-junit,77c1c35081c5f98c84ed2dd3adeeeb1eb0bd994c,charithe.kafka-junit,56
https://github.com/hsiafan/apk-parser,679e5b18ca5652728cb45da04a4416bcddca7c72,hsiafan.apk-parser,609
https://github.com/apssouza22/java-microservice,ba8304c3ba36f0c7308c140df035aa78ae1bc806,apssouza22.java-microservice,105
https://github.com/vmware/admiral,e4b02936cc7d4ff2714e7231db0c4373ba5d48a2,vmware.admiral,185
https://github.com/spotify/ffwd,979eed0e00e09909a47b64fe6fdc16ed0798b0fd,spotify.ffwd,45
https://github.com/ashwanthkumar/gocd-build-github-pull-requests,51a7b65e4746f0ae3f962065abe54656e3867bbc,ashwanthkumar.gocd-build-github-pull-requests,78
https://github.com/benas/unix-stream,40befef5607ca8884a236e275f55fffb4096894a,benas.unix-stream,109
https://github.com/Comcast/cmb,d93e9e24f98563ac843cd841e4b863ee1bc92ba4,Comcast.cmb,279
https://github.com/confluentinc/kafka-connect-storage-cloud,a0b1ae8d37c9a56abd4898e016898e95f1c0c434,confluentinc.kafka-connect-storage-cloud,52
https://github.com/cukespace/cukespace,35f6cec7af078176e65a912ded29e8f277a6e031,cukespace.cukespace,41
https://github.com/smoketurner/dropwizard-zipkin,ffd72c9f237df255a72b95df3af52d4e28082ae8,smoketurner.dropwizard-zipkin,41
https://github.com/vert-x3/vertx-kafka-client,4280abc0e65d4dfc6eec00485465e628e1eb255b,vert-x3.vertx-kafka-client,36
https://github.com/plivo/plivo-java,95c8e010c46338315b2f79d3539784149f584f5d,plivo.plivo-java,31
https://github.com/jenkinsci/performance-plugin,5bcf4ea2d1cd8b84e4e3faca76515602fba68543,jenkinsci.performance-plugin,129
https://github.com/HdrHistogram/HdrHistogram,1b51671cf06062671af931f98a8af2a53d335a70,HdrHistogram.HdrHistogram,1500
https://github.com/dropwizard/dropwizard-protobuf,4ddb43b10d7f654cd95d4f72c33cf5c9327b5e20,dropwizard.dropwizard-protobuf,39
https://github.com/AmadeusITGroup/sonar-stash,a6d0fa9d09f72e693f392e2007eb3eecffea3831,AmadeusITGroup.sonar-stash,155
https://github.com/martinpaljak/GlobalPlatformPro,f38abc7f0a5ce6bec3a49e3f09cac117f97c7b5d,martinpaljak.GlobalPlatformPro,257
https://github.com/pig4cloud/pig,c5ab2cc933d66836f4279d0f4c4225e831a0dd76,pig4cloud.pig,608
https://github.com/Leibnizhu/spring-boot-starter-netty,64e76890654e411d2fc390439c1b306e137938e7,Leibnizhu.spring-boot-starter-netty,61
https://github.com/zandero/rest.vertx,6d33c7b86c87261f5523e638d27f47071ce3fb49,zandero.rest.vertx,69
https://github.com/indvd00m/java-ascii-render,5ceb9ed8fef4f3613364588d033ba2ded6d79839,indvd00m.java-ascii-render,47
https://github.com/joel-costigliola/assertj-swing,e5136da7553f27be13e5df4732944d21342776aa,joel-costigliola.assertj-swing,56
https://github.com/vt-middleware/passay,0552757cc12b1173867937f12b6955cb7e803f30,vt-middleware.passay,103
https://github.com/TyCoding/springboot-seckill,ae19525cd238b823ddc686d17ea14569999d4db8,TyCoding.springboot-seckill,48
https://github.com/spring-petclinic/spring-petclinic-angularjs,051b316884ec0b0616dc4e9786c0728554a8ee5d,spring-petclinic.spring-petclinic-angularjs,52
https://github.com/shred/acme4j,d9e52fe59a4e331bf0e00b9f2af5b63db12a24f0,shred.acme4j,248
https://github.com/yahoo/hive-funnel-udf,42a0c9d37ae0c21bcd3477e1cb3b74419f5505c3,yahoo.hive-funnel-udf,46
https://github.com/vbauer/jackdaw,2154a9d21a972356f24e3ad443169e48de01413c,vbauer.jackdaw,296
https://github.com/OpenHFT/Chronicle-Threads,794658c04ccc8fd4a3714078f647d1e00b091cfe,OpenHFT.Chronicle-Threads,44
https://github.com/spotbugs/sonar-findbugs,5bbcccbf984a170dcf425c9c872eecd111e5b2f6,spotbugs.sonar-findbugs,110
https://github.com/adobe/S3Mock,c56af00865f2973169c728982c0b5e28b41f9022,adobe.S3Mock,118
https://github.com/koraktor/mavanagaiata,f8be4cd5c1e578ea46892f0df7d0d81a7ea6ec0b,koraktor.mavanagaiata,34
https://github.com/Talend/components,313ac7b9fa93cf354f42615394cfe11e902ed6e7,Talend.components,33
https://github.com/geosolutions-it/imageio-ext,0bde23d8dbd50f516dbadfbc9bb59ab69ee9ce3c,geosolutions-it.imageio-ext,69
https://github.com/sboesebeck/morphium,22a2c88152c74568d07f77e6ad40f50c25865e70,sboesebeck.morphium,48
https://github.com/blynkkk/blynk-server,a4f8e93826946ad4c19a68c05051ec10501e156b,blynkkk.blynk-server,1206
https://github.com/plutext/docx4j-ImportXHTML,08376f899c824936487bd596afb81bf8658ca30a,plutext.docx4j-ImportXHTML,75
https://github.com/KyleLNicholls/parameterized-builds,08c649c74e40b9adff15316aa206aa95d38f8ef2,KyleLNicholls.parameterized-builds,37
https://github.com/faljse/SDNotify,5d7ee33feda6741541bd0972777b79fbe943d055,faljse.SDNotify,35
https://github.com/jmeter-maven-plugin/jmeter-maven-plugin,77ca84b394ab3c53d7b61721990da94a8b9e61d2,jmeter-maven-plugin.jmeter-maven-plugin,270
https://github.com/rohanpadhye/jqf,bd7b23363eb47fcd0c19538730822f76a91b110d,rohanpadhye.jqf,30
