001edf9e37773ef55e84e1ccd37edac9358599b5,wro4j-wro4j-core
0164a238afec258ddeb30886dbbfbb92b56720db,wro4j-wro4j-core
02b486b59e1a32538c8ce6c651a17da1956ea5f6,wro4j-wro4j-core
032731817b7676e31d72ffd538570db6011e8103,wro4j-wro4j-core
0336253530accaaa6db89aa9e84395b5ffcc03ab,wro4j-wro4j-core
03362f1586087fce51fcce3b991b322788703793,wro4j-wro4j-core
034d5b395363c1c5b20d98f7ea7319d9c0498c08,wro4j-wro4j-core
050ba4f3aed287d2cce4c3f3ad945dc81fa09a81,wro4j-wro4j-core
07e915e8cd389ff24be670a4faaee3898e0f14d7,undertow-websockets-jsr
0839d7c112f0d9ed8608c970d91c70b49ef6c5c9,wildfly-naming
0862412eb4d32af9e8b9ce05e505f1d67daedf3e,spring-boot-spring-boot-project-spring-boot-devtools
0aecb79ccba83fc1ba3b6d5f78b9a9e49b0c88db,Java-WebSocket
0cc9efe5e71fd2cafa8d64708433fd8daff21dbb,wro4j-wro4j-extensions
0d1df3604afc53b7cd7852cb74c2c66f41600d9e,wildfly-naming
0ecb877a530cd85a4f6eeeb3e1c4102d9a6e4c50,wro4j-wro4j-core
0f7966c3f174a01390b8d96907676c0592b0a81e,wro4j-wro4j-core
0f7ec9dd4cd07a4d29eb11e5022450bd5d3cd482,wro4j-wro4j-core
10052d468760f2f952064289719286d3ba608693,incubator-dubbo-dubbo-cluster
10348053f221a8a2f9f596c9916442a9e1703aa5,wro4j-wro4j-core
105046bf85b6db4438d5244ae02619ba75742ddb,wro4j-wro4j-core
110920784366f6874da6f599dda62a70cfe89a06,wro4j-wro4j-core
11341ba6c458d09ce8ac1fd8a1c59890c406c0a9,wro4j-wro4j-core
11bf4ed5f65f2af44f5f8fb3ade2a52aac03c437,wro4j-wro4j-core
12864f81c0668c31f68f4419d6ec65e541cefa8c,tbsalling-aismessages
134940778c4887f7b7a65ca2125e040d7ed7297a,wro4j-wro4j-core
13d267f44e622fdd2f5d5691e3117b5aa73f32bf,wro4j-wro4j-core
14312f39c3a08661c862fd62a618e66164034cb6,wro4j-wro4j-core
15423b20046660ce3bc5a5dccaab527c5144de2a,wro4j-wro4j-core
15e624bdf2fc4eed00a60d1a4a9f79f2e68aff6a,wro4j-wro4j-core
16e7c49303c960c904d0dd826e4c683491bcde65,http-request-lib
16eb8d1f5079fecf79470a51cea644d0dd8a1e8e,wro4j-wro4j-core
1727c42350fdfa37ba2d16235cf9f61922ed96bd,wro4j-wro4j-core
19da1458e8e01ba7f93b87351b49dcbdc848ee4b,kagkarlsson-db-scheduler
1aafb4e868f7afbdebed464a4f8883753da4c269,wro4j-wro4j-core
1be809c9c3d61d3394f2b9ea4a638eb38eb4a05c,wro4j-wro4j-core
1c9524df3b7693ff212c0e401def64d62efa435d,unix4j-core-unix4j-command
1d6449a519bf8616ffc05ff376f04dca9fd89c1b,wro4j-wro4j-core
1ed0c16a46a741b9fab0e55efd42e22256d5ee43,undertow-websockets-jsr
1f65397d012bf1102b901a00bc2b87159fb40df9,wro4j-wro4j-core
20dae2b883426d988a4c12448facad00e4fa21d2,wro4j-wro4j-core
2153efdc65c0b1c371f429ad8cadbe64284a1873,wro4j-wro4j-core
216a5da6690ce83a1db3694846b4b922b76611cf,cukes-cukes-http
22bb9a3602a0cfc68ed9eb2a782a682f737cb032,wro4j-wro4j-core
24354a30def482f60bc3d971e0e14dc995a7ad4f,wildfly-webservices-server-integration
252fb145afe3d4cba7abda8f4c43bb72a748c46e,wro4j-wro4j-core
29a1094ed08c6078e65f90d5fbf4f27f6d7fc0f4,wro4j-wro4j-core
2a8adf522d1e1e6ef1d0d37e638cb5aca631d8c4,wro4j-wro4j-core
2bac27d1f7b6ccc4884f23bfd5c152a2b5bef620,wro4j-wro4j-core
2d1f11ebf44e422d515df3720ecd0fd456159912,wildfly-testsuite-integration-web
2d3515b0499850ca21e08a8d71bde2a00657a769,hexagonframework-spring-data-ebean
2e750206aa2f25aa0f263be005b84e33d6af8282,Struts-plugins-portlet
2f42bcab2ec213e39d2379dcc8c23e35a27b2acc,wro4j-wro4j-core
319441c0e854afaf664c72d208b23ec80641b950,wro4j-wro4j-core
322f7301b285722c93661e1efd31bbe998cc71fa,wro4j-wro4j-core
3356b26a85e92ab21163552459a2663c6a16f997,jhipster-jhipster-registry
3360635dfe08eec9e0ec8cb55c62eb276c29348a,wro4j-wro4j-core
34c9474df95ae7de00ba56f9d911966e01860480,fluent-fluent-logger-java
34ed80a068e7e4c680ebbcb54d03c7cc5e38acd9,wildfly-naming
35698618d34d64c245dd46d2f764d1cb84dc40a4,wro4j-wro4j-core
36af3275ef0e7d6c948dcdac9a89510994573a2e,noxy-noxy-discovery-zookeeper
37cc58ceb2ba105de3ae74b36e5aa5245b0f9ade,wro4j-wro4j-core
37eda07ac566bfb2b60756d9ccf528d79846b557,wro4j-wro4j-core
382511a4ae938db2074bb9a2c81f92bcb4b7bace,http-request-lib
386e187083602d562ed625be90c240b79ae525bf,wro4j-wro4j-core
3b4595ea0c403649e7fd038673c35c2f9c586965,wro4j-wro4j-core
3b758dbaeed7cf1fa18afad70b7d7bd42e1788e2,wro4j-wro4j-core
3c56aa6f595f16e0e5592d6f70c7de45b6a25c83,wildfly-naming
3d8dff0ffb21973c59a896c3a1bd4498b5dcc9d2,ktuukkan-marine-api
3e5f30f358c5ccaf3d76d546b9b605c835c0d041,elastic-job-lite-elastic-job-lite-core
3e613e06e17808f6de4163e95519cbfde711bb3c,wro4j-wro4j-core
3fe48c17765de262c46f94c35eca0975eb822d66,wro4j-wro4j-core
3fedd28a838f0774a3816bc7f760aa814331d3dc,wro4j-wro4j-core
4279511246d84f48566a8eec7b99484cd46ca745,wro4j-wro4j-core
431373e4b34456da505fd8caf182352c3e1c8514,wro4j-wro4j-core
44974a936c2bede790bb6786e7cf67818840e318,wro4j-wro4j-core
44cf0babafe9676de15191b7621e9d0070167b82,wro4j-wro4j-core
4571ceb266cf37592fbc18f9c7f231949d98635b,http-request-lib
45fa394abefb887798838c6a8f058864039a3007,wro4j-wro4j-core
45fe4a432cf42b096be038ece2ff80b69c9d930c,wildfly-naming
46b260e5bc14c6c64664c93675d2442bb22f3989,Java-WebSocket
4716dbfe93ef43ef9794a7231781eca7e28b5fac,wro4j-wro4j-core
4846e88ad67419034aa34347fb49eeb4ababe91f,wro4j-wro4j-core
493ad277e58b3018f9063b6dec2dbc4e2a9036be,wro4j-wro4j-core
4990b52b721913d9566e7cafd3bf7a6a196e23f1,spring-boot-spring-boot-project-spring-boot-actuator-autoconfigure
499cf999ad7eac9a48277eadce7cb458e6c813df,wro4j-wro4j-core
4ae1b19fb6c732c22e3f1bad597f3243d5c53c64,wro4j-wro4j-core
4b16b593f7b4b00ea678509d622b668a8c7971b0,wro4j-wro4j-core
4d6e580ce6f03c104442a5b3a2ca3f1b69808385,kagkarlsson-db-scheduler
4e2cff032dae309e2c5d3f62664f967b3d251f80,wro4j-wro4j-core
4e7b47e35be4b06abf06cfbe58fdd344119f8399,wro4j-wro4j-core
4e7b7520fe57d9bb01a72a638717961058462a2a,wro4j-wro4j-core
4f1792c5638f5c56ae2c1a38dec5f0b643b5522b,wro4j-wro4j-core
5178421476d55545ec32b9ad5abba4c9bd4a3ff6,wro4j-wro4j-core
52f4e8f5a99f0b674dcb1a6ec4928ede7e580256,wro4j-wro4j-core
54a354318094340d337a9dbbb10b993b25e71167,wildfly-naming
5517c8e6c792d9a82d803737c40c7bfc3ba5033b,sonatype-nexus-community-nexus-repository-helm
56c94861a6b079112a81d52f7498a64fbc7f25de,wro4j-wro4j-core
56f0f94884273b85a085e15fc4d5410049366bd1,wro4j-wro4j-core
59b7aa6678f3617d0372625f5bb7358247a05734,wro4j-wro4j-core
5b7347f785a27e10bcabf40be93c1d417fdb1001,wro4j-wro4j-core
5e0b21e6aac292fdcf2480beef9435035853e2da,wro4j-wro4j-core
5e36559b15c3077253f6548bc9dd00c471a372a2,java-cas-client-cas-client-core
5e40f1d522c4d26195fcb23ffdea697dff412cc1,wro4j-wro4j-core
5e6250d30e5b2f1f6b80e5a498b93ae2b95a4dc1,wro4j-wro4j-core
5f3a146b10b35bf7b71f6527228977796e5f194e,wro4j-wro4j-core
5fd46383ed0bf599e01d6d24cabf2a0e5c4d0cfa,fluent-fluent-logger-java
6171422cf7f4298cfbb92173205e5b21d2ca299f,wro4j-wro4j-core
61785cd76049559e99ccdc28f459cca4617e3fd8,wro4j-wro4j-core
6242b4892bf624369d501a345bf60dcc02de0bed,wro4j-wro4j-core
6289d010597174b6484b83f986da4bbf84d8d184,wro4j-wro4j-core
62d28216f30125d53d52aa76e4a20eea57648b92,wro4j-wro4j-core
62f2fc402772c47546cd3f4d02ff4ed8a2a158c7,wro4j-wro4j-core
62f70dda9fe5da8d8f2050dd81eca449f2b6834e,wro4j-wro4j-core
635a1c8fcb5a9d44e12d9bdf57d30923fbe2c67a,wro4j-wro4j-core
648aae10bd68938b48d867c805a5de4631732d51,wro4j-wro4j-core
6509afd88e5d73b759fe44c72c0d7dcbea0c4875,jimfs-jimfs
655c0e1624f3b4cece74288ffdfa34cc5f28d36a,wro4j-wro4j-core
6784375811518a200685e635ee51edc548629971,dubbo-serialization-dubbo-serialization-fst
6954fb77a497c03c725b952e9e24511a001317eb,elastic-job-lite-elastic-job-lite-core
6ba57e9befb3bef18d63aa82f8e77aba8c982978,wro4j-wro4j-core
6d6ab2ba67cd8f05d97fd26eaefb8ba1945aae39,wro4j-wro4j-core
6d6bc55085a74f5a7c8484fd861c703795d33433,noxy-noxy-discovery-zookeeper
6f50e4d7edf5d3453249a9a03e402be059aa39fe,wro4j-wro4j-core
6f862f80b93c08c34d0a15e081f135a5d1d0636f,wro4j-wro4j-extensions
6f8f85d378dbb27da3855892a1cee294e7154a3d,jfreechart
7029534c0dd5d44db6488eef52f3422a06117852,noxy-noxy-discovery-zookeeper
706b3a2b2e3ba3b4e93bfe23e6ae235d6cb6aa33,wro4j-wro4j-core
70bebc093302144f24023cb597c95f7f0d3df830,wro4j-wro4j-core
72a353dba00dd0eb96b0a88fedb935c17a0245ec,wro4j-wro4j-core
72ee21528133c0af4b9aa09bcd654ac85c6f7d00,wro4j-wro4j-core
73c93441d69b271f3e1c804eb3c95f352f1d089a,wro4j-wro4j-core
76233fc45b0059f9f3f36cd698925e15c96c1291,wro4j-wro4j-core
766cadf87dc8bfae70fae48460265d15a05f72da,wro4j-wro4j-core
767362577e3377f8f607c38a6d616ba3ed2b02e0,wildfly-naming
77e926fbaf84bb4ba30d7da3ab6dea82100cba28,wro4j-wro4j-core
7959cbadfeafbc221c8e34ecf4c77ef65dd3a39e,wro4j-wro4j-core
796a57891632178fe58da9c4bb8663f970a4ef0f,wro4j-wro4j-core
79ed9c39ffc094060899c4b549f36a5c1927a5d0,wro4j-wro4j-core
7a400b697c197608ce6bf9f818e088f6f2c4c265,wro4j-wro4j-extensions
7ab73cd1df6c1be914a3ae83e026ec5737a2ad7f,dropwizard-dropwizard-logging
7c51b1ddc64053d1ed1efad2954f9d4d4549f7b6,wro4j-wro4j-core
7d72c7c59b19aa80aa54c07df0669d5cf43b7ac8,kagkarlsson-db-scheduler
7e2505bcb04bdc1a9f4fcf824750bdab740e203a,elastic-job-lite-elastic-job-lite-core
7ed08f80cd9b7bbc32ab89154a0e67ec510164a1,wro4j-wro4j-core
7f54df3dcf9f8d2acbafb91d68f1c506b6bdb0f7,Activiti-activiti-spring-boot-starter
7fef6b206cb968c8166bb3918eeaba43391071d0,wro4j-wro4j-core
822d40f50f07ee408ab517e2bef7247cf70f1f43,Java-WebSocket
825fcd81e9c89c923a447201581683f37e0242a2,wro4j-wro4j-core
82b67c226634f4f52d8fc9357a80f92516271eac,wro4j-wro4j-core
832b118ff3ae0bd1666383e722acf8d5e9347a50,wro4j-wro4j-core
833195d6d25f51d710cff7d1f84c2bdabffd03fa,wro4j-wro4j-core
847275afd08b217bd98c633c6c7c2d1ab84b8cc0,dropwizard-dropwizard-logging
84bb9f91ee71c53a2a66784017f236994fb9a6d0,sawmill-sawmill-core
8598d1ba908705b0622f514ed5e60cc7b82b1013,wro4j-wro4j-core
866f025038e915957233089f3e931fcaefedbd90,wro4j-wro4j-core
87e957ae22ff470ccc66f68b16f279044b7ee47f,fluent-fluent-logger-java
8903de6339ca36684924ec9dd2def937c8990587,wro4j-wro4j-core
8abd255871acc148d55e6daf7dfeebd9734421eb,wro4j-wro4j-core
8ae42c9ad7a1490fb7a18e5746538cd93882d377,wro4j-wro4j-core
8cae821bf2122f5cbffb6ea5d83ce5d1613bbde9,http-request-lib
8caf890360ec9f4a5e48ff16a28d8eb8cf0810d7,wro4j-wro4j-core
8ccfb900b6ea1f1f9c6bf91f7be2a6f673b143a2,wro4j-wro4j-core
8d3803b82632bc911b85cf3e3e99b45a8fe84e00,spring-boot-spring-boot-project-spring-boot
90a83e52027742b68dd213e3d2ade709a8197e0c,wro4j-wro4j-extensions
93d8c3b8ee28cf9a2c4f2ea45d02985464765675,wro4j-wro4j-core
94854559e7453339fec04da308a3599fa62ddaec,wro4j-wro4j-core
9544294ce98d144737ee7e8a36ad9f83564c90de,wro4j-wro4j-core
9674989b689377bb4db19450b4e2eb8a3c38c251,wro4j-wro4j-core
96b2f43cef6223d8bb22f0d5cd5db931e50786b8,wro4j-wro4j-extensions
9708456ec29d8dcff77301ecfb533bd9ad558087,wro4j-wro4j-core
971d80d55da692690135dead98f9ce2001023e60,incubator-dubbo-dubbo-cluster
985bed4170fba9a09890a5041909880a5614feba,wro4j-wro4j-core
99b789e03d93c8722a3c0b1c52848879a384ecf8,wro4j-wro4j-core
9bae4b002cd5b979d4ed392e141f8379c6d1e642,wro4j-wro4j-core
9bf6923475b8ac3edbc5d0098c48368f702e106c,wro4j-wro4j-core
9c10ceeda73d1d510a7c160467ac3d8c02dc109f,wildfly-naming
9c233c90dc79f540643249bf32a5be7ad4dfd25e,Java-WebSocket
9c633c40ad8fd96ca46e543e4f81608d650212e2,wro4j-wro4j-core
9c7f9aa46fd0cfc9a0cc1c7ed9db5aef3e309c38,wro4j-wro4j-core
9cc76856bd83264104809c504a44e631b71eb7c2,wro4j-wro4j-core
9df6bbed448e38c8e9486f8c492328c306a76bbd,wro4j-wro4j-core
9e88dced888b5f176573579a392ff65d94b61b0b,spring-boot-spring-boot-project-spring-boot-devtools
9fcb1e51798974616be6bd70b90d5e7e029b6d45,wro4j-wro4j-core
9fd6a13569304ee544182848f1ae08f6e2f183e5,wro4j-wro4j-core
a000cd2ab2a1ddc41b57b7f8425aeb488abbba30,elastic-job-lite-elastic-job-lite-core
a13821b7afaf97a4c310d2d53ae585abc999cdc3,wro4j-wro4j-core
a3fb15a463f965e0486f6fa35c7ce5752de3a7d2,wro4j-wro4j-core
a5b582aecaf36cda29b39edfa0d44c0800e36c1a,wildfly-naming
a615c9a97b0148d0c266c066824576e706596e43,wildfly-naming
a76db119d15b4d4af3e618e048e8941b3ec19154,wro4j-wro4j-core
a791d838fb250b818cbdaa912ab9de966961689a,wro4j-wro4j-core
a793f8f77fe55c78062f5ae4b473e7ca5e27d7ad,wro4j-wro4j-core
a8cc89bc19b0737420e9c29f27536c1918a82ba3,helios-helios-testing
a9d9adf6dd558ce0add828bd75493a69558ed566,wro4j-wro4j-extensions
aaf49a456bf703c2f345295209b1acf68a346073,wro4j-wro4j-core
ab55446b12486fbb355cf4370947e240ae62b6c8,wro4j-wro4j-core
ac2609b5857727724709e7da793d82264bd6726d,spring-boot-spring-boot-project-spring-boot-test-autoconfigure
ac85374d778ff1e9812de037ef24ba06ab0b05b8,Achilles-integration-test-3_7
accd2deeb80658e33eaf9c240a2a6bc0829d55b2,wro4j-wro4j-core
ad09409422f313d1771e0888fce62c20d9360a54,wro4j-wro4j-core
ad4db84340031aa03df6f160f34a59cfe2618520,wro4j-wro4j-core
aebe8671c98f8e92ae0b9dbf0dadfd178f7cc564,wro4j-wro4j-core
aeefdabcbf4472ea25a994fd9c4e376e3e7cf813,http-request-lib
b143892b7311e7171cfe14b811fa9986e08fd0f8,wro4j-wro4j-core
b22ea9dbfc1dbfb7a8cadf244eee72d4a41573d3,wro4j-wro4j-core
b3a09e601ab89125c5d5e8d5f42a41093bca5419,wro4j-wro4j-core
b4afeed8b8b783384a200914959f8335a1c52432,ktuukkan-marine-api
b5c2e15e01ad79ca0dfa0948f06314f88ce80ea3,yawp-testing-yawp-testing-appengine
b5e560c1c88d50d1d9a35c1fe6f41a09f888319c,wro4j-wro4j-core
b7e8d81cc333bcf99826394aba8ad2b4680f7891,wildfly-testsuite-integration-web
b7e8de8bc18a23faa6506a870f7aeb9b2192634b,wro4j-wro4j-core
ba7552b7f1a8a81d973d91452bc6cb65d3123f69,wro4j-wro4j-core
bb92741c7b6df652ee493f396f40e97364c537e5,Achilles-achilles-embedded
bc40ed714e1aba4a4b9c964c437d1abc1bf6e503,Achilles-integration-test-3_10
bd6132d54a5b691bb40fc41eb616d2f86dc7285c,wro4j-wro4j-core
bdebdd429ce65be05e78d62e170e253571840089,wro4j-wro4j-core
be160cba2be0be1d966fcac80b5e2ef2f27b705d,wro4j-wro4j-core
beee72349078582d8721c7db2206aa2f38927c1d,wro4j-wro4j-core
bf07c2fb1c84637b32baabf292604f5dabb43433,http-request-lib
c01d3a92db7f71f751a0522912d24bcf4a94a1b0,Struts-plugins-portlet
c058ff5857ad7a68d6df402268267c4b75910c43,wro4j-wro4j-core
c1331af4984e88b387dc49d44332f0246fb533ca,wro4j-wro4j-core
c134b3267fe5cd8eaafa39ce9e492319bd6c174b,wro4j-wro4j-core
c26731123d5337fce24e2933563ff700f89b74ab,wro4j-wro4j-core
c347972729e3145359786fe2a6eb557f5f3ad2cf,spring-boot-spring-boot-project-spring-boot
c3b8a88db6999c231b4def84437d8c32cf1e2efe,undertow-websockets-jsr
c466cf33aa5cefe826ccd2e0d1af4f9304159f72,wro4j-wro4j-core
c46e7611a16a3b16cfa9ee0085b65d1601694ad4,wro4j-wro4j-core
c4917e27875e4983144b462fafde4d0e6d8dc245,wildfly-testsuite-integration-web
c63f201624c16b4a9d5862841ec4a6cf677c48ec,wro4j-wro4j-core
c71717df9e24dd2c6cb3d68c531d004faf2248ba,wro4j-wro4j-core
c808c8e797af44f8fc0f64f331a40f940437fd3a,elastic-job-lite-elastic-job-lite-core
c86a541c7bd242faf0fafe74945277424ba6b40d,wro4j-wro4j-core
c8de633771b4bb292e168b62134029719a81552f,wro4j-wro4j-core
c91702e06a8433743ba418406a4311ae32d2efbb,wro4j-wro4j-core
cacf627c03e780b1d6179700396998d4e397f0d3,wro4j-wro4j-core
cb621024e480fb08a79277273f81aa169aed14df,spring-boot-spring-boot-project-spring-boot-devtools
cbb6841dbb2109f7bbc17ce2c664f7001a28a3ef,wro4j-wro4j-core
ccd7ca9956042344b2213797050e525b2b236f8f,wro4j-wro4j-core
cd31f0f67b2f1a0e49538fb921dce4db741d9001,wro4j-wro4j-core
cd470435059a54bca5b9815fd72c88e655f97866,wro4j-wro4j-core
cd599fd56f62ec195dd0dc4423a1a97bb56c8684,wro4j-wro4j-core
ce2f42a5e00981a0a30b3ac9563d386bc345e75a,wro4j-wro4j-core
ce3b8c76c8e25d6f60463c6ec544330aee6c6b3b,e2e-non-deployable
cf5ed65f94d9948d30572d8f1f9889e6e74e1ee4,wro4j-wro4j-core
cf84c0630d914e55cd6a106f589cf8b24e3a9376,wro4j-wro4j-core
d08bce65a9d88f2f5ba70fc3c2fbb6463320b0a8,Achilles-integration-test-2_1
d0d651ff3dc49878ac4faa4acebceab73412d4c0,javadelight-delight-nashorn-sandbox
d19eeeab22efa109f337f7b34e7ef687ce2d63ba,javadelight-delight-nashorn-sandbox
d389182ca4cae1825fd7edc097395cb26094d9a6,wro4j-wro4j-core
d39c916f246f8d6dfe17b2bd61079364b59d4f02,wro4j-wro4j-core
d3d7940f261591282b36ce6a375f703b0d2a9a96,wro4j-wro4j-core
d50fe8874fa442cbd3ea380754e7b412a77aed9a,spring-boot-spring-boot-project-spring-boot-actuator-autoconfigure
d59f3389e81e215a998a43cc6cd2eb5518ab7eff,Achilles-integration-test-2_2
d5f615abc8d303a0619eda71d9e78324d6544306,wro4j-wro4j-core
d74639191f44da85b4f0d3d1c78f9b792c8650ed,Achilles-integration-test-2_1
d962cc64ada77eb028abee5f70fb64d745e7677a,wildfly-naming
d9752aa958ad78dd92f054c3f4bc0ca7aac6acd9,wro4j-wro4j-core
d9c67bed76fd7ebcf030c3ed63a18ed92031e541,wro4j-wro4j-core
da21afe8d8253dd430edef7fe531322e682c1f60,wro4j-wro4j-core
da7f0b7418a70f7bc6acb97886cdd3f02544b0cf,wro4j-wro4j-core
dd5967446d182e6bdd6a2973bf61d8b953b203e6,wro4j-wro4j-core
dda23f1a48c46450835015826eb3780d94b161a1,wro4j-wro4j-core
ddbadbc60d0e658717de87184a5efd2f5eba586a,fluent-fluent-logger-java
de898244022b83b0fca78d562a6db3b1900fa76e,wro4j-wro4j-core
dfd1e5073b4325d52a4f7fe30d4797b8f039286d,http-request-lib
e03fddc035f2ec75274f1f5fdd36dbb1dbce60ae,wro4j-wro4j-core
e18143e9c9f6fab813aef03b5c0d4cfe66c8cf75,wro4j-wro4j-core
e262efe91032398ae497a0761aaa15e7f846ff64,wro4j-wro4j-core
e3922e257984cc77351e1d008be462edd39dbe63,wro4j-wro4j-core
e3c21c57d1c6ba6b45bf87ce1aba7d49d2247799,wro4j-wro4j-core
e3ecb519d6878296caf2948f502162b7f9e47429,wro4j-wro4j-core
e4058d967aa1b6f7061150b23b3a88b1b423eb9e,wro4j-wro4j-core
e52c56aab20199d325850f448be183f9c4bb8f18,wro4j-wro4j-core
e534b5bfb9daabfde58eab26cdb97f3b7094876f,wro4j-wro4j-core
e608b0e5f064d063c3f8096956d76d9e07e136cb,wro4j-wro4j-core
e8b0d7ca96665a0ab96376adf879d3a2dcb6f467,wro4j-wro4j-core
e96a9e1d78ef7ff9c0b30675aa740001319216a5,wro4j-wro4j-extensions
ea5dc7569729c0aa250e0d9b24ca1754b0875703,vertexium-core
eab69b110100e877706832524c63159d4294f8e3,wro4j-wro4j-core
ebead2814dbc672b7626eef0717c6afd2eb7f1cb,wro4j-wro4j-core
ec00a5778234b2ab7534270aabdb49a4be5f102b,wro4j-wro4j-core
ef3e3af666577de05f9567db3eef14d0a6d9918a,wro4j-wro4j-core
ef5b1fdde1740d540931544882d33aa288e8d5a6,wro4j-wro4j-core
f1f334081a586a5b3f4e5185b4f10ed9cc4e2d2f,wro4j-wro4j-core
f29364ea9ced0d067f000f45eb2a031aa1e93015,wro4j-wro4j-core
f51d5a6f3822a01f633ed36880643e235e2934a7,wro4j-wro4j-core
f6715088f3db0424d927c733c4d9bdcf232edbab,wro4j-wro4j-core
f7a03d77c5f52fd302041cfa686671c7acf37a34,wildfly-naming
f8070e17913749342536164e6e7d66ffae510463,wro4j-wro4j-core
f8dabbe2f16f090a2bb37ba97f35dee5003bb296,wildfly-naming
f915ae197a97ed882d5bdf9d00b43a1c27926635,spring-boot-spring-boot-project-spring-boot-test-autoconfigure
faff990caa1ea48b0be46bc2c02977d91e717e53,fhoeben-hsac-fitnesse-fixtures
fb6b2244707dd5dfad12d62cb6a3c396555270d1,spring-boot-spring-boot-project-spring-boot
fc324032be5c05c6bc90facb39fdfbc4500078d0,kagkarlsson-db-scheduler
fc716e6820b062134c398122639df3784742e5c1,wro4j-wro4j-core
fd8bc1e89590cc68e08d34b767135cb09aea6e13,wro4j-wro4j-core
fe56239ffcd5651ce0dcd1122c6bddfc4c8e9390,http-request-lib
ff5fcf4caa25d6849ea3f90876997b9c38c02099,wro4j-wro4j-core
