https://github.com/mpusher/mpush,f8d5c97f30b2bde12f1b60d11709ae1b75587a2e
https://github.com/mrniko/netty-socketio,55e7802dfb24a91bd6785f3e600c0290fce5e4f8
https://github.com/mybatis/mybatis-3,67a1c4ea5726c605d297398a8ab9a42ab7d4ebf1
https://github.com/mybatis/spring-boot-starter,8f7336ff9e5ebd9aa73bc741d6b8380b406139c5
https://github.com/MyCATApache/Mycat-Server,d3012dc13062a8c69cc3737747fba09911926c39
https://github.com/NanoHttpd/nanohttpd,fd80618e93d17f8f05e11006eaa048a22213714d
https://github.com/naver/pinpoint,2a37d1a7355ce7be5b17921dae5329be913d3d62
https://github.com/Netflix/curator,7fa8c085f45977be1db980731f4faf580925db08
https://github.com/netty/netty,59973e93dd7da715eee709788573e3515cc50238
https://github.com/nhaarman/ListViewAnimations,23617960178fb5af3099c07996569cc305a40945
https://github.com/NLPchina/elasticsearch-sql,5d370f15606da940473166c625b85ead391fc8b2
https://github.com/nutzam/nutz,e809240f00132c8797525b2f82b0cd9e69627b2c
https://github.com/oldmanpushcart/greys-anatomy,e80c55264520c4d2139e8ae6fc2866b447b6d077
https://github.com/OpenFeign/feign,02d97371fe3a84bfd3222e18b94d791c5841170e
https://github.com/openhab/openhab1-addons,1b743a6de56adab2805eaee80a21740708f21fbd
